-- MySQL dump 10.13  Distrib 5.7.32, for Linux (x86_64)
--
-- Host: localhost    Database: camptree
-- ------------------------------------------------------
-- Server version	5.7.32-0ubuntu0.18.04.1

/*!40101 SET @OLD_CHARACTER_SET_CLIENT=@@CHARACTER_SET_CLIENT */;
/*!40101 SET @OLD_CHARACTER_SET_RESULTS=@@CHARACTER_SET_RESULTS */;
/*!40101 SET @OLD_COLLATION_CONNECTION=@@COLLATION_CONNECTION */;
/*!40101 SET NAMES utf8 */;
/*!40103 SET @OLD_TIME_ZONE=@@TIME_ZONE */;
/*!40103 SET TIME_ZONE='+00:00' */;
/*!40014 SET @OLD_UNIQUE_CHECKS=@@UNIQUE_CHECKS, UNIQUE_CHECKS=0 */;
/*!40014 SET @OLD_FOREIGN_KEY_CHECKS=@@FOREIGN_KEY_CHECKS, FOREIGN_KEY_CHECKS=0 */;
/*!40101 SET @OLD_SQL_MODE=@@SQL_MODE, SQL_MODE='NO_AUTO_VALUE_ON_ZERO' */;
/*!40111 SET @OLD_SQL_NOTES=@@SQL_NOTES, SQL_NOTES=0 */;

--
-- Table structure for table `admin`
--

DROP TABLE IF EXISTS `admin`;
/*!40101 SET @saved_cs_client     = @@character_set_client */;
/*!40101 SET character_set_client = utf8 */;
CREATE TABLE `admin` (
  `id` int(11) NOT NULL AUTO_INCREMENT,
  `user_name` text NOT NULL,
  `password` text NOT NULL,
  `date` date NOT NULL,
  PRIMARY KEY (`id`)
) ENGINE=InnoDB AUTO_INCREMENT=2 DEFAULT CHARSET=latin1;
/*!40101 SET character_set_client = @saved_cs_client */;

--
-- Dumping data for table `admin`
--

LOCK TABLES `admin` WRITE;
/*!40000 ALTER TABLE `admin` DISABLE KEYS */;
INSERT INTO `admin` VALUES (1,'admin','admin','2018-09-13');
/*!40000 ALTER TABLE `admin` ENABLE KEYS */;
UNLOCK TABLES;

--
-- Table structure for table `campaigns`
--

DROP TABLE IF EXISTS `campaigns`;
/*!40101 SET @saved_cs_client     = @@character_set_client */;
/*!40101 SET character_set_client = utf8 */;
CREATE TABLE `campaigns` (
  `id` int(10) unsigned NOT NULL AUTO_INCREMENT,
  `name` varchar(500) DEFAULT NULL,
  `camp_id` int(11) DEFAULT NULL,
  `is_template` tinyint(1) NOT NULL DEFAULT '0',
  `campaign_image` varchar(255) DEFAULT NULL,
  `referral_competition` tinyint(1) DEFAULT '0',
  PRIMARY KEY (`id`)
) ENGINE=InnoDB AUTO_INCREMENT=81 DEFAULT CHARSET=latin1;
/*!40101 SET character_set_client = @saved_cs_client */;

--
-- Dumping data for table `campaigns`
--

LOCK TABLES `campaigns` WRITE;
/*!40000 ALTER TABLE `campaigns` DISABLE KEYS */;
INSERT INTO `campaigns` VALUES (9,'Default campaign',11,0,'1589179304--clary-sage.png',0),(16,'Default Campaign',8,0,'1589179304--clary-sage.png',0),(17,'Default Campaign',9,0,'1589362559--clary-sage.png',0),(18,'Default Campaign Test 1',10,0,'1589362559--clary-sage.png',0),(19,'Default Campaign',11,0,'1589362559--clary-sage.png',0),(20,'2020 campaign',10,1,'1589362559--clary-sage.png',0),(21,'My-Default-Set',10,0,'1589362559--clary-sage.png',0),(30,'My-Temp-1',10,0,'1589362559--clary-sage.png',0),(32,'My-Temp-2',10,0,'1589362559--clary-sage.png',0),(33,'Email Campaign',10,1,'1589362559--clary-sage.png',0),(35,'text',12,0,'1589362559--clary-sage.png',0),(36,'Default campaign',13,0,'1589362559--clary-sage.png',0),(37,'Default campaign',14,0,'1589362559--clary-sage.png',0),(38,'Default campaign',15,0,'1589362559--clary-sage.png',0),(39,'Default campaign',16,0,'1589362559--clary-sage.png',0),(40,'Default campaign',17,0,'1589362559--clary-sage.png',0),(41,'My new Campaign',17,0,'1589362559--clary-sage.png',0),(42,'Default campaign',18,0,'1589362559--clary-sage.png',0),(45,'My new',18,0,'1589362559--clary-sage.png',0),(46,'New Feature Campaign',10,1,'1589362559--clary-sage.png',0),(47,'My template',10,1,'1589362559--clary-sage.png',0),(49,'New Images Campaign',10,1,'1589362559--clary-sage.png',0),(59,'Test 1',6,0,'',0),(60,'Yasir',10,0,'',1),(61,'jack',10,0,'',0),(62,'test',10,0,'1591792237--77826.jpg',0),(63,'Yasir edit',10,0,'',1),(64,'you test',10,0,'1592805344--audio.jpg',0),(65,'Default campaign',23,0,NULL,0),(66,'Default campaign',24,0,NULL,0),(67,'Default campaign',25,0,NULL,0),(68,'Default campaign',26,0,NULL,0),(69,'Default campaign',27,0,NULL,0),(70,'yasir',10,0,'',0),(71,'Yasir New',10,0,'',0),(77,'Default Campaign Test 1-copy',10,0,'1589362559--clary-sage.png',0),(78,'ttttttttttt',10,1,'',0),(79,'Itbeasts_laravel_app',10,0,'',0),(80,'duplicate ',10,0,'1589362559--clary-sage.png',0);
/*!40000 ALTER TABLE `campaigns` ENABLE KEYS */;
UNLOCK TABLES;

--
-- Table structure for table `campus`
--

DROP TABLE IF EXISTS `campus`;
/*!40101 SET @saved_cs_client     = @@character_set_client */;
/*!40101 SET character_set_client = utf8 */;
CREATE TABLE `campus` (
  `id` int(11) NOT NULL AUTO_INCREMENT,
  `name` text NOT NULL,
  `per_name` text NOT NULL,
  `email` text NOT NULL,
  `password` text NOT NULL,
  `camp_website` text NOT NULL,
  `address` varchar(300) NOT NULL,
  `logo` text NOT NULL,
  `master` tinyint(1) NOT NULL DEFAULT '0',
  `admin_id` int(11) NOT NULL,
  `type` int(11) NOT NULL,
  `date` date NOT NULL,
  `stripe_id` text NOT NULL,
  `plan_id` int(11) DEFAULT NULL,
  `mail_chimp_key` text NOT NULL,
  `login_key` text NOT NULL,
  `login_status` int(11) NOT NULL,
  `discount_code` varchar(50) NOT NULL DEFAULT 'CampTree2019',
  `status` tinyint(1) NOT NULL DEFAULT '1',
  `unsubscribed` int(11) NOT NULL DEFAULT '0',
  `mission` text,
  `script_verified` int(11) NOT NULL DEFAULT '0',
  `monthly_email` int(11) NOT NULL DEFAULT '0',
  `landing_page_heading` varchar(500) DEFAULT NULL,
  `landing_page_subheading` varchar(500) DEFAULT NULL,
  `referral_type` enum('referral_popup','referral_page') DEFAULT 'referral_page',
  `account_summary_email` enum('true','false') DEFAULT NULL,
  `mail_chimp_list` text,
  `mail_chimp_current_list` varchar(255) DEFAULT NULL,
  `webhook_url` text NOT NULL,
  PRIMARY KEY (`id`)
) ENGINE=InnoDB AUTO_INCREMENT=29 DEFAULT CHARSET=latin1;
/*!40101 SET character_set_client = @saved_cs_client */;

--
-- Dumping data for table `campus`
--

LOCK TABLES `campus` WRITE;
/*!40000 ALTER TABLE `campus` DISABLE KEYS */;
INSERT INTO `campus` VALUES (6,'Bobs','Bob Camp','yasiramjad77@gmail.com','e10adc3949ba59abbe56e057f20f883e','http://localhost/jewish-tickets','test','logo.jpg',0,0,0,'0000-00-00','cus_DnON7OrIOVpSMs',NULL,'','',0,'CampTree2k19',1,1,'New text Our mission is to help young people achieve success personally and emotionally through exceptional camp experiences. We hope you will join us.',0,0,'heading','Subheading','referral_page',NULL,NULL,NULL,''),(8,'','Jon Snow','shazimkhan107+camp1@gmail.com','e10adc3949ba59abbe56e057f20f883e','','','',0,0,0,'0000-00-00','',NULL,'','',0,'CampTree2019',1,0,NULL,0,0,NULL,NULL,'referral_page',NULL,NULL,NULL,''),(9,'Khan Camp','Khan Camp','shazimkhan107+khan@gmail.com','e10adc3949ba59abbe56e057f20f883e','https://regularmag.com','test','test',0,0,0,'2020-01-11','cus_DnON7OrIOVpSMs',NULL,'','',0,'CampTree2k19',1,1,'New text Our mission is to help young people achieve success personally and emotionally through exceptional camp experiences. We hope you will join us.',0,0,'heading','Subheading','referral_page',NULL,NULL,NULL,''),(10,'Orbiqon Camp','Orbiqon Camp','yasir.amjad101@gmail.com','e10adc3949ba59abbe56e057f20f883e','http://localhost/jewish-tickets/','','basil1.png',1,0,0,'0000-00-00','cus_DnON7OrIOVpSMs',NULL,'','',0,'',1,0,'update check of mission',1,0,NULL,NULL,'referral_page','true','{\"a6235b864e\":\"Development\",\"a6235b864f\":\"Velopment\"}','a6235b864e','https://hooks.zapier.com/hooks/catch/4704278/o81p259/'),(11,'','test','testcamp@gmail.com','e10adc3949ba59abbe56e057f20f883e','','','',0,0,0,'0000-00-00','',NULL,'','',0,'CampTree2019',1,0,NULL,0,0,NULL,NULL,'referral_page',NULL,NULL,NULL,''),(12,'','Shazim Khan','iamshazimkhan+c1@gmail.com','c921dc4888d5b75f47e54d65301dc1d0','','','',0,0,0,'0000-00-00','cus_DnON7OrIOVpSMs',NULL,'','',0,'CampTree2019',1,0,NULL,0,0,NULL,NULL,'referral_page',NULL,NULL,NULL,''),(13,'','Shazim Khan','iamshazimkhan+c2@gmail.com','c921dc4888d5b75f47e54d65301dc1d0','','','',0,0,0,'0000-00-00','cus_DnON7OrIOVpSMs',NULL,'','',0,'CampTree2019',1,0,NULL,0,0,NULL,NULL,'referral_page',NULL,NULL,NULL,''),(14,'','Shazim Khan','iamshazimkhan+a1@gmail.com','c921dc4888d5b75f47e54d65301dc1d0','','','',0,0,0,'0000-00-00','',0,'','',0,'CampTree2019',1,0,NULL,0,0,NULL,NULL,'referral_page',NULL,NULL,NULL,''),(15,'','Shazim Khan','iamshazimkhan+a2@gmail.com','c921dc4888d5b75f47e54d65301dc1d0','','','',0,0,0,'0000-00-00','',17,'','',0,'CampTree2019',1,0,NULL,0,0,NULL,NULL,'referral_page',NULL,NULL,NULL,''),(16,'','Shazim Khan','iamshazimkhan+a3@gmail.com','c921dc4888d5b75f47e54d65301dc1d0','','','',0,0,0,'0000-00-00','',17,'','',0,'CampTree2019',1,0,NULL,0,0,NULL,NULL,'referral_page',NULL,NULL,NULL,''),(17,'','Shazim Khan','iamshazimkhan+a4@gmail.com','c921dc4888d5b75f47e54d65301dc1d0','','','',0,0,0,'0000-00-00','cus_H3NgKXhcwKbGLT',17,'','',0,'CampTree2019',1,0,NULL,0,0,NULL,NULL,'referral_page',NULL,NULL,NULL,''),(18,'Orbiqon Camp','Shazim Khan','iamshazimkhan+a5@gmail.com','c921dc4888d5b75f47e54d65301dc1d0','https://orbiqon.com','','',0,0,0,'0000-00-00','cus_H3OOXB4lMJ7yLR',17,'','',0,'',1,0,NULL,0,0,NULL,NULL,'referral_page',NULL,NULL,NULL,''),(27,'','test','yasiramjad77+12@gmail.com','e10adc3949ba59abbe56e057f20f883e','','','',0,0,0,'0000-00-00','test_id_0000',17,'','',0,'CampTree2019',1,0,NULL,0,0,NULL,NULL,'referral_page',NULL,NULL,NULL,''),(28,'yasir','','yasiramjad77+221@gmail.com','e10adc3949ba59abbe56e057f20f883e','','','',0,10,1,'2020-07-21','test_id_0000',NULL,'','b4944963b5c83d545c3d3022bcf03282',1,'CampTree2019',1,0,NULL,0,0,NULL,NULL,'referral_page',NULL,NULL,NULL,'');
/*!40000 ALTER TABLE `campus` ENABLE KEYS */;
UNLOCK TABLES;

--
-- Table structure for table `current_plan`
--

DROP TABLE IF EXISTS `current_plan`;
/*!40101 SET @saved_cs_client     = @@character_set_client */;
/*!40101 SET character_set_client = utf8 */;
CREATE TABLE `current_plan` (
  `current_id` int(11) NOT NULL AUTO_INCREMENT,
  `plan_id` int(11) NOT NULL,
  `camp_id` int(11) NOT NULL,
  `sub_id` text NOT NULL,
  `status` int(11) NOT NULL,
  `date` date NOT NULL,
  PRIMARY KEY (`current_id`)
) ENGINE=InnoDB AUTO_INCREMENT=27 DEFAULT CHARSET=latin1;
/*!40101 SET character_set_client = @saved_cs_client */;

--
-- Dumping data for table `current_plan`
--

LOCK TABLES `current_plan` WRITE;
/*!40000 ALTER TABLE `current_plan` DISABLE KEYS */;
INSERT INTO `current_plan` VALUES (1,2,1,'sub_DixxPNC5Cen58u',0,'2018-10-04'),(2,2,2,'sub_DjebllhDgWBBcZ',0,'2018-10-06'),(3,2,3,'sub_DkkePzoh5OI0YP',0,'2018-10-09'),(4,7,4,'sub_DkrYnP5WQoqwZB',0,'2018-10-09'),(5,6,5,'sub_Dn75IlzUu31FQm',0,'2018-10-15'),(6,2,6,'sub_DnONC2yKSGg697',0,'2018-10-16'),(7,7,8,'sub_Do691ndsxsKYVt',0,'2018-10-18'),(8,2,9,'sub_Do6EFNqYV3jgf1',0,'2018-10-18'),(9,2,10,'sub_Do6HU555LmVGS2',0,'2018-10-18'),(10,2,11,'sub_Do6JWpl8aDRLqC',0,'2018-10-18'),(11,2,12,'sub_Do6SPtyrzxLoN9',0,'2018-10-18'),(12,2,13,'sub_DoCE0KgXCgvS9J',0,'2018-10-18'),(13,10,14,'sub_Dpg2yk502RQQ0V',0,'2018-10-22'),(14,10,15,'sub_DphDaCfPLzVtnJ',0,'2018-10-22'),(15,19,16,'sub_DphV2nh4CXbK29',0,'2018-10-22'),(16,19,17,'sub_Dphas2TPOOQwse',0,'2018-10-22'),(17,20,18,'sub_Dq17jKLMQezf7Q',0,'2018-10-23'),(18,10,19,'sub_DqAgC79hKyHL1D',1,'2018-10-23'),(19,14,20,'sub_DqXssN9rXSfk0U',0,'2018-10-24'),(20,12,21,'sub_DquTIR1FxLxKjR',0,'2018-10-25'),(21,11,23,'sub_DqwHq17QgBgBLY',0,'2018-10-25'),(22,11,26,'sub_Dtp5e2NJywpE7N',0,'2018-11-02'),(23,18,27,'sub_E02G0W7d3WuwEO',0,'2018-11-19'),(24,17,36,'1',0,'2019-01-16'),(25,17,17,'123456',0,'2020-04-07'),(26,17,18,'123456',0,'2020-04-07');
/*!40000 ALTER TABLE `current_plan` ENABLE KEYS */;
UNLOCK TABLES;

--
-- Table structure for table `customers`
--

DROP TABLE IF EXISTS `customers`;
/*!40101 SET @saved_cs_client     = @@character_set_client */;
/*!40101 SET character_set_client = utf8 */;
CREATE TABLE `customers` (
  `customer_id` int(11) NOT NULL AUTO_INCREMENT,
  `campaign_id` int(11) DEFAULT NULL,
  `camp_id` int(11) NOT NULL,
  `name` varchar(300) NOT NULL,
  `email` text NOT NULL,
  `phone` text NOT NULL,
  `code` text NOT NULL,
  `date` date NOT NULL,
  `link_views` int(11) NOT NULL,
  `referrals` int(11) NOT NULL,
  `launched` int(11) NOT NULL DEFAULT '0',
  `join` int(11) NOT NULL,
  `invite_friend` int(11) NOT NULL DEFAULT '0',
  `testimonial` int(11) NOT NULL DEFAULT '0',
  `join_date` timestamp NULL DEFAULT NULL,
  `unsubscribed` tinyint(1) NOT NULL DEFAULT '0',
  `confirmation_token` varchar(500) DEFAULT NULL,
  `confirmed_at` timestamp NULL DEFAULT NULL,
  `status` tinyint(1) NOT NULL DEFAULT '1',
  PRIMARY KEY (`customer_id`)
) ENGINE=InnoDB AUTO_INCREMENT=2166 DEFAULT CHARSET=latin1;
/*!40101 SET character_set_client = @saved_cs_client */;

--
-- Dumping data for table `customers`
--

LOCK TABLES `customers` WRITE;
/*!40000 ALTER TABLE `customers` DISABLE KEYS */;
INSERT INTO `customers` VALUES (1381,17,9,'Shazim Khan','iamshazimkhan@gmail.com','03044412456','shazim-khan-1381','2020-01-12',0,0,1,0,0,0,'2020-01-12 09:12:34',0,'r9ACSr','2020-01-12 07:36:17',1),(1382,17,9,'Shazim Khan','iamshazimkhan+1@gmail.com','03044412456','shazim-khan-1382','2020-01-12',0,0,0,0,0,0,'2020-01-12 14:42:23',0,'LaxJb2','2020-01-12 14:42:23',1),(1383,17,9,'Shazim Khan','iamshazimkhan+2@gmail.com','03044412456','shazim-khan-1383','2020-01-12',0,0,0,0,0,0,'2020-01-12 14:42:31',0,'W550oZ','2020-01-12 14:42:31',1),(1398,18,10,'Shazim1','iamshazimkhan+1@gmail.com','03044412456','shazim1-1398','2020-02-11',0,0,1,1,1,0,'2020-02-10 23:43:12',0,'Kbb1O8','2020-02-10 23:42:45',1),(1399,18,10,'Shazim2','iamshazimkhan+2@gmail.com','','shazim2-1399','2020-02-11',0,0,1,1,0,0,'2020-02-10 23:45:18',0,'gXhKs6','2020-02-10 23:45:18',1),(1400,18,10,'Shazim4','iamshazimkhan+4@gmail.com','','shazim4-1400','2020-02-17',0,0,1,0,0,0,NULL,0,'75KYQ0',NULL,1),(1401,18,10,'Shazim4','iamshazimkhan+4@gmail.com','','shazim4-1401','2020-02-17',0,0,1,0,0,0,NULL,0,'PJ69zG',NULL,1),(1402,18,10,'Shazim5','iamshazimkhan+5@gmail.com','','shazim5-1402','2020-02-17',0,0,1,1,1,1,'2020-02-19 11:19:58',0,'OxUlm5','2020-02-19 11:19:58',1),(2042,18,10,'Shazim new','iamshazimkhan+101@gmail.com','','shazim-new-2042','2020-02-26',0,0,1,1,1,1,'2020-02-26 03:39:20',0,'qwRTlG','2020-02-26 03:39:20',1),(2043,18,10,'shazim Khan','iamshazimkhan+102@gmail.com','03044412456','shazim-khan-2043','2020-02-26',0,0,1,0,0,0,NULL,0,'A0b2S9','2020-02-26 04:00:06',1),(2044,18,10,'Shaizm 103','iamshazimkhan+103@gmail.com','03044412456','shaizm-103-2044','2020-02-26',0,0,1,1,0,0,'2020-02-26 04:08:41',0,'adn9tR','2020-02-26 04:01:44',1),(2045,18,10,'Shazim104','iamshazimkhan+104@gmail.com','03044412456','shazim104-2045','2020-02-27',0,0,1,0,0,0,NULL,0,'UEBoPP','2020-02-27 12:19:50',1),(2046,18,10,'Shazim105','iamshazimkhan+105@gmail.com','12121','shazim105-2046','2020-02-27',0,0,1,0,0,0,NULL,0,'QL2HTy','2020-02-27 13:01:39',1),(2047,18,10,'Sam Toms','shazimkhan107+106@gmail.com','03044412456','shazim106-2047','2020-02-27',0,0,1,0,0,0,NULL,0,'U4Xiwe','2020-02-27 13:03:42',1),(2048,18,10,'Duncan','iamshazimkhan+107@gmail.com','03044412456','shazim107-2048','2020-02-27',0,0,1,0,0,0,NULL,0,'Lav1XO','2020-02-27 13:09:25',1),(2049,18,10,'Jon Snow','iamshazimkhan+s2@gmail.com','','shazim-khan-2049','2020-02-29',0,0,1,1,0,0,'2020-02-29 15:42:46',0,'3bNKk1','2020-02-29 15:42:46',1),(2050,33,10,'Shazim User 4','iamshazimkhan+s1@gmail.com','','shazim-khan-2050','2020-02-29',0,0,0,0,0,0,NULL,0,'acDwYf',NULL,1),(2051,33,10,'Customer1','iamshazimkhan+customer1@gmail.com','03044412456','customer1-2051','2020-02-29',0,0,0,1,0,0,'2020-02-29 17:40:20',0,'BNaH4e','2020-02-29 15:48:32',1),(2052,18,10,'Shazim User 3','iamshazimkhan+l1@gmail.com','03044412456','shazim-khan-2052','2020-03-18',0,0,1,1,1,0,'2020-03-18 18:16:31',0,'s5YaY4','2020-03-18 18:04:20',1),(2053,18,10,'Shazim User 2','iamshazimkhan+l2@gmail.com','03044412456','shazim-khan-2053','2020-03-18',0,0,1,0,0,0,NULL,0,'KLBc2q','2020-03-18 18:05:19',1),(2054,18,10,'Shazim User 1','iamshazimkhan+l3@gmail.com','','shazim-khan-2054','2020-03-18',0,0,1,0,0,0,NULL,0,'IgkL41',NULL,1),(2056,18,10,'Reward Test User','iamshazimkhan+rtu@gmail.com','03044412456','reward-test-user-2056','2020-03-24',0,0,1,0,0,0,NULL,0,'maWp11','2020-03-24 08:43:32',1),(2057,18,10,'Landing User','iamshazimkhan+landing@gmail.com','','landing-user-2057','2020-03-31',0,0,1,1,1,0,'2020-03-31 11:32:40',0,'mMfEER','2020-03-31 11:32:40',1),(2058,18,10,'Landing User','iamshazimkhan+landing1@gmail.com','','landing-user-2058','2020-04-03',0,0,1,0,0,0,NULL,0,'AFAgN3',NULL,1),(2059,18,10,'Shazim Khan','yasiramjad77@gmail.com','','shazim-khan-2059','2020-04-07',0,1,1,1,1,0,'2020-04-07 06:59:24',0,'71XuMr','2020-04-07 06:59:24',0),(2062,40,17,'Shazim Khan','iamshazimkhan+us1@gmail.com','03044412456','shazim-khan-2062','2020-04-07',0,0,0,0,0,0,NULL,0,'wScM6H','2020-04-07 13:12:14',1),(2063,42,18,'Shazim Khan','iamshazimkhan+us2@gmail.com','03044412456','shazim-khan-2063','2020-04-07',0,0,0,0,0,0,NULL,0,'2s4aBR','2020-04-07 13:42:10',1),(2064,20,10,'Shazim Khan z1','iamshazimkhan+z1@gmail.com','03044412456','shazim-khan-2064','2020-04-10',0,0,0,0,0,0,NULL,0,'RBZf6m','2020-04-10 13:14:27',1),(2065,20,10,'John Snow','johnsnow@gmail.com','','john-snow-2065','2020-04-10',0,0,0,0,0,0,NULL,0,'eddiTY','2020-04-10 13:15:54',1),(2066,20,10,'Shazim z2','iamshazimkhan+z2@gmail.com','','shazim-z2-2066','2020-04-10',0,0,0,0,0,0,NULL,0,'39wmUW','2020-04-10 13:15:54',1),(2067,46,10,'Shazim Khan','iamshazimkhan@gmail.com','03044412456','shazim-khan-2067','2020-04-10',0,0,0,0,0,0,NULL,0,'sXY7Q6','2020-04-10 14:40:48',1),(2068,18,10,'Shazim 28','iamshazimkhan+28@gmail.com','03044412456','shazim-28-2068','2020-04-10',0,0,1,1,0,0,'2020-04-10 17:45:29',0,'iI02RZ','2020-04-10 17:25:34',1),(2069,18,10,'Shazim T1','iamshazimkhan+t1@gmail.com','03044412456','shazim-t1-2069','2020-04-11',0,0,1,1,1,0,NULL,0,'aKYFmu','2020-04-11 13:43:51',1),(2070,18,10,'Shazim T2','iamshazimkhan+t2@gmail.com','','shazim-t2-2070','2020-04-11',0,0,1,1,0,0,'2020-04-11 13:57:05',0,'7AcXIi','2020-04-11 13:57:05',1),(2071,18,10,'Shazim T5','iamshazimkhan+t5@gmail.com','','shazim-t5-2071','2020-04-12',0,0,1,1,1,0,'2020-04-12 08:03:53',0,'pZiwgH','2020-04-12 08:03:53',1),(2072,18,10,'Shazim T6','iamshazimkhan+t6@gmail.com','03044412456','shazim-t6-2072','2020-04-14',0,0,1,1,0,0,NULL,0,'NazxJX','2020-04-13 19:45:14',1),(2073,18,10,'Shazim T7','iamshazimkhan+t7@gmail.com','','shazim-t7-2073','2020-04-14',0,0,1,1,1,0,'2020-04-13 19:50:37',0,'8nECsc','2020-04-13 19:50:37',1),(2085,18,10,'Yasir','yasiramjad77@gmail.com','03310438768','yasir-2085','2020-05-04',0,0,1,0,0,0,NULL,0,'hi5ap5','2020-05-04 17:01:01',1),(2108,18,10,'Shazim Khans','yasir.amjad101@gmail.com','03044412456','shazim-khan-2108','2020-04-23',0,0,1,1,0,0,NULL,0,'GtyFxt','2020-04-23 07:15:16',1),(2118,18,10,'Ali Ahmed','yasiramjad77+1@gmail.com','03310438768','','2020-06-09',0,0,1,0,0,0,NULL,0,NULL,NULL,1),(2119,18,10,'Ali Ahmed','yasiramjad77+4@gmail.com','+1 (199) 553-3112','','2020-06-09',0,0,1,0,0,0,NULL,0,NULL,NULL,1),(2120,18,10,'Ali Ahmed','yasiramjad77+5@gmail.com','+1 (433) 762-6065','ali-ahmed-2120','2020-06-09',0,0,1,0,0,0,NULL,0,'qZJKZl','2020-06-09 02:19:42',1),(2121,18,10,'Salvador Good','yasiramjad77+56@gmail.com','+1 (321) 111-1346','salvador-good-2121','2020-06-09',0,0,1,0,0,0,NULL,0,'Zch0L0','2020-06-09 02:20:50',1),(2122,18,10,'Ali Ahmed','yasiramjad77+8@gmail.com','+1 (989) 662-4806','ali-ahmed-2122','2020-06-09',0,0,1,0,0,0,NULL,0,'Hhxi4k','2020-06-09 02:23:22',1),(2123,18,10,'Signe Skinner','yasiramjad77+12@gmail.com','','signe-skinner-2123','2020-06-09',0,0,1,0,0,0,NULL,0,'nOvJq2',NULL,1),(2124,18,10,'Urielle Sullivan','yasiramjad77+13@gmail.com','','urielle-sullivan-2124','2020-06-09',0,0,1,0,0,0,NULL,0,'xEoXcj',NULL,1),(2125,18,10,'Signe Skinner','yasiramjad77+2@gmail.com','','signe-skinner-2125','2020-06-09',0,0,1,0,0,0,NULL,0,'cDmoxj',NULL,1),(2126,18,10,'Yasir','yasir.amjad101+1@gmail.com','','yasir-2126','2020-06-10',0,0,1,1,0,0,'2020-06-10 05:09:04',0,'JBoSCc','2020-06-10 05:09:04',1),(2127,18,10,'Yasir','yasir.amjad101++2525@gmail.com','','yasir-2127','2020-06-10',0,0,1,1,0,0,'2020-06-10 07:48:51',0,'owNNns','2020-06-10 07:48:51',1),(2128,18,10,'Yasir Amjad','yasir.amjad101+100@gmail.com','','yasir-amjad-2128','2020-06-10',0,0,1,1,0,0,'2020-06-10 18:50:19',0,'12gAo8','2020-06-10 18:50:19',1),(2134,18,10,'Ali Ahmed','yasiramjad77+96@gmail.com','','','2020-06-11',0,0,1,1,0,0,'2020-06-10 19:00:00',0,'xesAVH','2020-06-10 19:00:00',1),(2135,18,10,'Signe Skinner','yasiramjad77+97@gmail.com','','','2020-06-12',0,0,1,1,0,0,'2020-06-11 19:00:00',0,'KwmJ6Z','2020-06-11 19:00:00',1),(2136,18,10,'Claudia Cole','yasiramjad77+98@gmail.com','','','2020-06-12',0,0,1,1,0,0,'2020-06-11 19:00:00',0,'KHU3WR','2020-06-11 19:00:00',1),(2137,18,10,'Claudia Cole','yasiramjad77+92@gmail.com','','','2020-06-12',0,0,1,1,0,0,'2020-06-11 19:00:00',0,'RHsU0x','2020-06-11 19:00:00',1),(2138,18,10,'Troy Skinner','yasiramjad77+80@gmail.com','','','2020-06-12',0,0,1,1,0,0,'2020-06-11 19:00:00',0,'U2nv7Z','2020-06-11 19:00:00',1),(2139,18,10,'Ali Ahmed','yasiramjad77+50@gmail.com','','','2020-06-12',0,0,1,1,0,0,'2020-06-11 19:00:00',0,'gKwcmq','2020-06-11 19:00:00',1),(2140,18,10,'Claudia Cole','yasiramjad77+99@gmail.com','','','2020-06-12',0,0,1,1,0,0,'2020-06-11 19:00:00',0,'VLPq0Q','2020-06-11 19:00:00',1),(2141,18,10,'Claudia Cole','yasiramjad77+456@gmail.com','','','2020-06-12',0,0,1,1,0,0,'2020-06-11 19:00:00',0,'Ejfw8Y','2020-06-11 19:00:00',1),(2142,18,10,'Ali Ahmed','yasiramjad77+111@gmail.com','','','2020-06-12',0,0,1,1,0,0,'2020-06-11 19:00:00',0,'xo8HtZ','2020-06-11 19:00:00',1),(2143,18,10,'Cara Washington','yasiramjad77+125@gmail.com','','','2020-06-12',0,0,1,1,0,0,'2020-06-11 19:00:00',0,'tQqV2e','2020-06-11 19:00:00',1),(2144,18,10,'shakira','yasiramjad77+33@gmail.com','','','2020-06-12',0,0,1,1,0,0,'2020-06-11 19:00:00',0,'Aaxxg9','2020-06-11 19:00:00',1),(2145,18,10,'Shellie Rodriguez','yasiramjad77+79@gmail.com','','','2020-06-12',0,0,1,1,0,0,'2020-06-11 19:00:00',0,'ocbzxu','2020-06-11 19:00:00',1),(2146,18,10,'customer1','yasiramjad77+01@gmail.com','','customer1-2146','2020-06-12',0,0,1,0,0,0,NULL,0,'yWSgtJ','2020-06-12 05:41:02',1),(2147,18,10,'customer2','yasiramjad77+02@gmail.com','','customer2-2147','2020-06-12',0,0,1,0,0,0,NULL,0,'8xpakH','2020-06-12 05:41:02',1),(2148,18,10,'customer3','yasiramjad77+03@gmail.com','','customer3-2148','2020-06-12',0,0,1,0,0,0,NULL,0,'wJX9CX','2020-06-12 05:41:02',1),(2149,18,10,'customer4','yasiramjad77+04@gmail.com','','customer4-2149','2020-06-12',0,0,1,0,0,0,NULL,0,'Cm2BBE','2020-06-12 05:41:02',1),(2150,18,10,'customer5','yasiramjad77+05@gmail.com','','customer5-2150','2020-06-12',0,0,1,0,0,0,NULL,0,'UegMok','2020-06-12 05:41:03',1),(2151,18,10,'customer6','yasiramjad77+06@gmail.com','','customer6-2151','2020-06-12',0,0,1,0,0,0,NULL,0,'aRQZxc','2020-06-12 05:41:03',1),(2152,18,10,'customer7','yasiramjad77+07@gmail.com','','customer7-2152','2020-06-12',0,0,1,0,0,0,NULL,0,'JAUj7Q','2020-06-12 05:41:03',1),(2153,18,10,'customer8','yasiramjad77+08@gmail.com','','customer8-2153','2020-06-12',0,0,1,0,0,0,NULL,0,'z3DYDC','2020-06-12 05:41:03',1),(2154,18,10,'customer9','yasiramjad77+09@gmail.com','','customer9-2154','2020-06-12',0,0,1,0,0,0,NULL,0,'Wnjh0p','2020-06-12 05:41:04',1),(2155,18,10,'customer10','yasiramjad77+011@gmail.com','','customer10-2155','2020-06-12',0,0,1,0,0,0,NULL,0,'AENsMN','2020-06-12 05:41:04',1),(2156,18,10,'customer11','yasiramjad77+012@gmail.com','','customer11-2156','2020-06-12',0,0,1,0,0,0,NULL,0,'m0tRlZ','2020-06-12 05:41:04',1),(2157,18,10,'customer12','yasiramjad77+013@gmail.com','','customer12-2157','2020-06-12',0,0,1,0,0,0,NULL,0,'736x99','2020-06-12 05:41:04',1),(2158,18,10,'customer13','yasiramjad77+014@gmail.com','','customer13-2158','2020-06-12',0,0,1,0,0,0,NULL,0,'g5JEPV','2020-06-12 05:41:04',1),(2159,18,10,'customer14','yasiramjad77+015@gmail.com','','customer14-2159','2020-06-12',0,0,1,0,0,0,NULL,0,'CgWByQ','2020-06-12 05:41:05',1),(2160,18,10,'Test customer','yasir.amjad101+test@gmail.com','03310438768','test-customer-2160','2020-06-15',0,0,0,0,0,0,NULL,0,'e7BK5v','2020-06-15 02:54:07',1),(2161,18,10,'john','yasir.amjad101+101@gmail.com','03310438768','','2020-06-23',0,0,0,0,0,0,NULL,0,NULL,NULL,1),(2162,18,10,'Yasir New','yasiramjad77+123@gmail.com','03310438768','yasir-new-2162','2020-06-23',0,0,0,1,0,0,NULL,0,'c7Qn1V','2020-06-23 03:05:23',1),(2163,18,10,'yasir','yasiramjad77+222@gmail.com','','yasir-2163','2020-08-28',0,0,1,0,0,0,NULL,0,'5LYkJc',NULL,1),(2164,18,10,'Yasir New','gmailkemail@gmail.com','','yasir-new-2164','2020-08-28',0,0,1,0,0,0,NULL,0,'g4T6d0',NULL,1),(2165,18,10,'salim','salim@gmail.com','','salim-2165','2020-08-28',0,0,1,0,0,0,NULL,0,'ktPc3I',NULL,1);
/*!40000 ALTER TABLE `customers` ENABLE KEYS */;
UNLOCK TABLES;

--
-- Table structure for table `customers_history`
--

DROP TABLE IF EXISTS `customers_history`;
/*!40101 SET @saved_cs_client     = @@character_set_client */;
/*!40101 SET character_set_client = utf8 */;
CREATE TABLE `customers_history` (
  `id` int(10) unsigned NOT NULL AUTO_INCREMENT,
  `camp_id` int(11) DEFAULT NULL,
  `customer_id` int(11) DEFAULT NULL,
  `type` varchar(200) DEFAULT NULL,
  `type_metadata` varchar(200) DEFAULT NULL,
  `points` int(11) DEFAULT NULL,
  `time` timestamp NULL DEFAULT NULL,
  PRIMARY KEY (`id`)
) ENGINE=InnoDB AUTO_INCREMENT=192 DEFAULT CHARSET=latin1;
/*!40101 SET character_set_client = @saved_cs_client */;

--
-- Dumping data for table `customers_history`
--

LOCK TABLES `customers_history` WRITE;
/*!40000 ALTER TABLE `customers_history` DISABLE KEYS */;
INSERT INTO `customers_history` VALUES (19,6,1362,'task','New Task',180,'2020-01-09 17:22:34'),(20,6,1379,'task','Buy Item From Store',150,'2020-01-11 09:29:10'),(21,6,1384,'join','',10,'2020-01-12 14:50:40'),(22,6,1386,'join','',10,'2020-01-14 12:02:37'),(23,6,1390,'join','',10,'2020-01-16 12:20:57'),(24,6,1392,'join','',10,'2020-01-16 15:36:22'),(25,6,1392,'testimonial','',30,'2020-01-16 15:36:33'),(26,6,1393,'join','',10,'2020-01-17 17:08:10'),(27,6,1394,'task','test',120,'2020-01-17 18:05:15'),(28,6,1389,'link_view','',1,'2020-01-21 09:44:48'),(29,6,1362,'invite_friend','iamshazimkhan+101@gmail.com',10,'2020-01-21 14:56:01'),(30,6,1362,'invite_friend','iamshazimkhan+102@gmail.com',10,'2020-01-21 14:56:54'),(31,6,1362,'invite_friend','iamshazimkhan+103@gmail.com',10,'2020-01-21 14:57:50'),(32,6,1362,'invite_friend','iamshazimkhan+103@gmail.com',10,'2020-01-21 15:00:21'),(33,6,1362,'invite_friend','iamshazimkhan+104@gmail.com',10,'2020-01-21 16:10:10'),(34,6,1362,'invite_friend','iamshazimkhan+105@gmail.com',10,'2020-01-21 16:11:37'),(35,6,1362,'invite_friend','iamshazimkhan+106@gmail.com',10,'2020-01-21 16:12:10'),(36,6,1362,'invite_friend','iamshazimkhan+107@gmail.com',10,'2020-01-21 16:14:21'),(37,10,1399,'join','',10,'2020-02-10 23:45:18'),(38,10,1398,'task','Follow us on Facebook',150,'2020-02-10 23:52:28'),(39,10,1398,'link_view','',1,'2020-02-11 18:15:16'),(40,10,1398,'link_view','',1,'2020-02-11 18:17:11'),(41,10,1398,'link_view','',1,'2020-02-11 18:19:08'),(42,10,1398,'invite_friend','user1@gmail.com,user2@gmail.com',20,'2020-02-11 18:30:39'),(43,10,1403,'join','',10,'2020-02-19 08:16:27'),(44,10,1402,'join','',10,'2020-02-19 11:19:58'),(45,10,2042,'join','',20,'2020-02-26 03:39:20'),(46,10,2042,'invite_friend','shazimkhan107+t101@gmail.com',20,'2020-02-26 03:39:33'),(47,10,2042,'testimonial','',40,'2020-02-26 03:39:46'),(48,10,2044,'join','',20,'2020-02-26 04:08:41'),(49,10,1402,'invite_friend','shazimkhan107+m1@gmail.com',20,'2020-02-29 12:19:02'),(50,10,2049,'join','',20,'2020-02-29 15:42:46'),(51,10,1402,'invite_friend','iamshazimkhan+pp@gmail.com',20,'2020-02-29 16:10:22'),(52,10,1402,'invite_friend','iamshazimkhan+101@gmail.com',20,'2020-02-29 16:45:53'),(53,10,1402,'invite_friend','iamshazimkhan+104@gmail.com',20,'2020-02-29 16:46:36'),(54,10,1402,'invite_friend','iamshazimkhan+104@gmail.com',20,'2020-02-29 16:46:48'),(55,10,2051,'join','',10,'2020-02-29 17:40:20'),(56,10,2051,'link_view','',1,'2020-02-29 18:06:03'),(57,10,1402,'testimonial','',40,'2020-03-01 13:43:33'),(58,10,2052,'join','',20,'2020-03-18 18:16:31'),(59,10,2052,'invite_friend','iamshazimkhan+ls@gmail.com',20,'2020-03-18 18:29:17'),(60,10,2057,'join','',20,'2020-03-31 11:32:40'),(61,10,2057,'invite_friend','iamshazimkhan+fam1@gmail.com',20,'2020-04-02 09:15:49'),(62,10,2059,'join','',20,'2020-04-07 06:59:24'),(63,10,2059,'invite_friend','iamshazimkhan+001@gmail.com,iamshazimkhan+002@gmail.com',40,'2020-04-07 14:54:04'),(64,10,2059,'invite_friend','iamshazimkhan+sm1@gmail.com',20,'2020-04-08 14:56:10'),(65,10,2068,'join','',20,'2020-04-10 17:45:29'),(68,10,2069,'join','',20,'2020-04-11 13:53:17'),(69,10,2070,'join','',20,'2020-04-11 13:57:05'),(70,10,2069,'invite_friend','iamshazimkhan+t3@gmail.com',20,'2020-04-11 14:38:55'),(71,10,2069,'invite_friend','iamshazimkhan+t3@gmail.com',20,'2020-04-11 14:39:56'),(72,10,2069,'invite_friend','iamshazimkhan+t3@gmail.com',20,'2020-04-11 14:42:03'),(73,10,2069,'invite_friend','',0,'2020-04-11 14:48:49'),(74,10,2069,'invite_friend','',0,'2020-04-11 14:48:59'),(75,10,2071,'invite_friend','iamshazimkhan+t6@gmail.com',20,'2020-04-12 08:03:30'),(76,10,2071,'join','',20,'2020-04-12 08:03:53'),(77,10,2071,'link_view','',1,'2020-04-12 08:09:16'),(78,10,2059,'link_view','',1,'2020-04-12 20:09:00'),(79,10,2059,'link_view','',1,'2020-04-12 20:13:57'),(80,10,2059,'link_view','',1,'2020-04-12 20:16:14'),(81,10,2059,'referral','iamshazimkhan+bamsi1@gmail.com',100,'2020-04-12 23:42:28'),(82,10,2059,'referral','iamshazimkhan+bamsi2@gmail.com',100,'2020-04-12 23:44:13'),(83,10,2072,'join','',20,'2020-04-13 19:47:32'),(84,10,2073,'join','',20,'2020-04-13 19:50:37'),(85,10,2073,'invite_friend','iamshazimkhan+t8@gmail.com',20,'2020-04-13 19:55:23'),(86,10,2071,'task','Task no 1',100,'2020-04-13 21:05:37'),(87,10,2059,'referral','iamshazimkhan+t9@gmail.com',100,'2020-04-15 10:32:39'),(88,10,2059,'referral','iamshazimkhan+t10@gmail.com',100,'2020-04-15 10:33:15'),(89,10,2059,'referral','iamshazimkhan+t11@gmail.com',100,'2020-04-15 10:34:26'),(90,10,2073,'link_view','',1,'2020-04-15 13:55:44'),(91,10,2073,'referral','iamshazimkhan+t12@gmail.com',100,'2020-04-15 13:56:13'),(92,10,2059,'referral','iamshazimkhan+t13@gmail.com',100,'2020-04-15 17:01:53'),(93,10,2059,'referral','iamshazimkhan+t14@gmail.com',100,'2020-04-15 17:12:09'),(94,10,2059,'referral','iamshazimkhan+t16@gmail.com',100,'2020-04-21 13:28:38'),(95,10,2059,'referral','iamshazimkhan+t17@gmail.com',100,'2020-04-21 13:30:47'),(96,10,2059,'referral','iamshazimkhan+t18@gmail.com',100,'2020-04-21 14:15:56'),(97,10,2059,'referral','iamshazimkhan+t19@gmail.com',100,'2020-04-21 14:16:53'),(98,10,2059,'referral','iamshazimkhan+t20@gmail.com',100,'2020-04-21 14:17:23'),(99,10,2059,'referral','iamshazimkhan+t21@gmail.com',100,'2020-04-21 14:37:36'),(100,10,2059,'referral','iamshazimkhan+t22@gmail.com',100,'2020-04-21 14:38:29'),(101,10,2059,'referral','iamshazimkhan+t23@gmail.com',100,'2020-04-21 14:40:13'),(102,10,2059,'referral','iamshazimkhan+t24@gmail.com',100,'2020-04-21 14:45:07'),(103,10,2059,'referral','iamshazimkhan+t25@gmail.com',100,'2020-04-21 15:00:32'),(104,10,2059,'referral','iamshazimkhan+t26@gmail.com',100,'2020-04-21 15:01:03'),(105,10,2059,'referral','iamshazimkhan+t27@gmail.com',100,'2020-04-21 15:05:11'),(106,10,2059,'referral','iamshazimkhan+t30@gmail.com',100,'2020-04-21 15:08:57'),(107,10,2059,'referral','iamshazimkhan+t32@gmail.com',100,'2020-04-21 15:11:46'),(108,10,2059,'referral','iamshazimkhan+t33@gmail.com',100,'2020-04-21 15:18:55'),(109,10,2059,'referral','iamshazimkhan+t34@gmail.com',100,'2020-04-21 15:21:10'),(110,10,2059,'referral','iamshazimkhan+t35@gmail.com',100,'2020-04-21 15:22:02'),(111,10,2059,'referral','iamshazimkhan+t37@gmail.com',100,'2020-04-21 15:22:42'),(112,10,2074,'join','',20,'2020-04-23 07:15:53'),(113,6,1395,'invite_friend','',0,'2020-04-25 16:42:30'),(114,10,1398,'link_view','',1,'2020-04-25 16:56:05'),(117,10,2075,'join','',20,'2020-05-01 06:26:56'),(119,10,2075,'join','',20,'2020-05-01 06:32:48'),(120,10,2079,'join','',20,'2020-05-04 08:06:14'),(121,10,2080,'join','',20,'2020-05-04 08:17:58'),(122,10,2081,'join','',20,'2020-05-04 08:21:50'),(123,10,2082,'join','',20,'2020-05-04 09:02:19'),(124,10,2078,'join','',20,'2020-05-04 09:08:07'),(125,10,2084,'join','',20,'2020-05-04 16:55:07'),(126,10,2084,'join','',20,'2020-05-04 16:56:47'),(127,10,2085,'join','',20,'2020-05-04 17:08:25'),(128,NULL,NULL,'join','',20,'2020-05-05 05:28:50'),(129,6,2098,'referral','yasiramjad77@gmail.com',100,'2020-05-13 04:02:00'),(130,6,2106,'referral','yasiramjad77@gmail.com',100,'2020-05-13 04:19:15'),(131,6,2107,'referral','yasiramjad77@gmail.com',100,'2020-05-13 04:20:07'),(132,6,2108,'referral','yasiramjad77@gmail.com',100,'2020-05-13 04:25:44'),(133,6,2109,'referral','yasiramjad77@gmail.com',100,'2020-05-13 04:32:21'),(134,6,2086,'join','',10,'2020-05-18 07:44:32'),(135,6,2086,'link_view','',1,'2020-05-18 07:45:04'),(136,6,2086,'referral','yasir.opuscommunication@gmail.com',100,'2020-05-18 07:45:20'),(137,6,2086,'referral','yasir.opuscommunication@gmail.com',100,'2020-05-18 08:27:26'),(138,10,2059,'referral','yasir.opuscommunication@gmail.com',100,'2020-05-19 04:33:15'),(139,10,2059,'referral','yasir.opuscommunication@gmail.com',100,'2020-05-19 04:41:25'),(140,10,2126,'join','',20,'2020-06-10 05:09:04'),(141,10,2126,'link_view','',1,'2020-06-10 05:09:29'),(142,10,2126,'referral','yasiramjad101+14@gmail.com',100,'2020-06-10 05:09:49'),(143,10,2126,'referral','yasiramjad101+33@gmail.com',100,'2020-06-10 05:11:51'),(144,10,2127,'join','',20,'2020-06-10 07:48:51'),(145,10,2127,'link_view','',1,'2020-06-10 07:49:54'),(148,10,2128,'join','',20,'2020-06-10 18:50:20'),(149,10,2128,'link_view','',1,'2020-06-10 18:50:44'),(175,10,2128,'referral','yasiramjad77+96@gmail.com',100,'2020-06-11 15:14:28'),(176,10,2128,'referral','yasiramjad77+97@gmail.com',100,'2020-06-12 03:04:40'),(177,10,2128,'referral','yasiramjad77+98@gmail.com',100,'2020-06-12 03:05:22'),(178,10,2128,'referral','yasiramjad77+92@gmail.com',100,'2020-06-12 03:08:01'),(179,10,2128,'referral','yasiramjad77+80@gmail.com',100,'2020-06-12 03:08:39'),(180,10,2128,'referral','yasiramjad77+50@gmail.com',100,'2020-06-12 03:10:06'),(181,10,2128,'referral','yasiramjad77+99@gmail.com',100,'2020-06-12 03:10:40'),(182,10,2128,'referral','yasiramjad77+45@gmail.com',100,'2020-06-12 03:51:49'),(183,10,2128,'referral','yasiramjad77+456@gmail.com',100,'2020-06-12 03:53:54'),(184,10,2128,'referral','yasiramjad77+111@gmail.com',100,'2020-06-12 03:57:13'),(185,10,2128,'referral','yasiramjad77+125@gmail.com',100,'2020-06-12 04:09:41'),(186,10,2128,'referral','yasiramjad77+33@gmail.com',100,'2020-06-12 04:29:11'),(187,10,2128,'referral','yasiramjad77+79@gmail.com',100,'2020-06-12 04:54:13'),(188,10,2162,'join','',20,'2020-07-08 07:03:50'),(189,10,2162,'link_view','',1,'2020-07-21 08:52:01'),(190,10,2059,'task','Ut commodi officia r',10,'2020-08-28 05:47:54'),(191,10,2059,'referral','bitf17a514@pucit.edu.pk',100,'2020-09-17 12:18:52');
/*!40000 ALTER TABLE `customers_history` ENABLE KEYS */;
UNLOCK TABLES;

--
-- Table structure for table `discount`
--

DROP TABLE IF EXISTS `discount`;
/*!40101 SET @saved_cs_client     = @@character_set_client */;
/*!40101 SET character_set_client = utf8 */;
CREATE TABLE `discount` (
  `discount_id` int(11) NOT NULL AUTO_INCREMENT,
  `discount_code_name` varchar(255) DEFAULT NULL,
  `discount_code_value` varchar(255) DEFAULT NULL,
  `campaign_id` int(11) DEFAULT NULL,
  `camp_id` int(11) DEFAULT NULL,
  `referral_id` int(11) DEFAULT NULL,
  PRIMARY KEY (`discount_id`)
) ENGINE=InnoDB AUTO_INCREMENT=38 DEFAULT CHARSET=latin1;
/*!40101 SET character_set_client = @saved_cs_client */;

--
-- Dumping data for table `discount`
--

LOCK TABLES `discount` WRITE;
/*!40000 ALTER TABLE `discount` DISABLE KEYS */;
INSERT INTO `discount` VALUES (17,'Session 1','CampTree2020',18,10,15),(18,'session 2','My Code',18,10,15),(19,'Session 3','My Code 3',18,10,15),(32,'Session 1','CampTree2020',77,10,15),(33,'session 2','My Code',77,10,15),(34,'Session 3','My Code 3',77,10,15),(35,'Session 1','CampTree2020',80,10,15),(36,'session 2','My Code',80,10,15),(37,'Session 3','My Code 3',80,10,15);
/*!40000 ALTER TABLE `discount` ENABLE KEYS */;
UNLOCK TABLES;

--
-- Table structure for table `email_dump`
--

DROP TABLE IF EXISTS `email_dump`;
/*!40101 SET @saved_cs_client     = @@character_set_client */;
/*!40101 SET character_set_client = utf8 */;
CREATE TABLE `email_dump` (
  `id` int(11) NOT NULL AUTO_INCREMENT,
  `email_slug` varchar(255) DEFAULT NULL,
  `email_params` text,
  `email_function` varchar(255) DEFAULT NULL,
  `status` int(11) DEFAULT '0',
  `priority` varchar(50) DEFAULT NULL,
  PRIMARY KEY (`id`)
) ENGINE=InnoDB AUTO_INCREMENT=42 DEFAULT CHARSET=latin1;
/*!40101 SET character_set_client = @saved_cs_client */;

--
-- Dumping data for table `email_dump`
--

LOCK TABLES `email_dump` WRITE;
/*!40000 ALTER TABLE `email_dump` DISABLE KEYS */;
INSERT INTO `email_dump` VALUES (1,'point_offer_given','2128,10,18,68,16933','send_customer_invitation_email',1,'1'),(2,'send_camp_owner_email','2128,10,129','send_camp_owner_email',1,'3'),(3,'referral_customer_notification','2128,10,129','send_referred_email',1,'4'),(4,'referral_user_notification','2128,10,15,yasiramjad77+111@gmail.com','send_register_user_email',1,'5'),(5,'lead_offer_given','2128,10,18,54,17057','send_customer_invitation_email',1,'2'),(6,'send_camp_owner_email','2128,10,130','send_camp_owner_email',1,'3'),(7,'referral_customer_notification','2128,10,130','send_referred_email',1,'4'),(8,'referral_user_notification','2128,10,15,yasiramjad77+125@gmail.com','send_register_user_email',1,'5'),(9,'lead_offer_given','2128,10,18,84,18376','send_customer_invitation_email',1,'2'),(10,'send_camp_owner_email','2128,10,131','send_camp_owner_email',1,'3'),(11,'referral_customer_notification','2128,10,131','send_referred_email',1,'4'),(12,'referral_user_notification','2128,10,15,yasiramjad77+33@gmail.com','send_register_user_email',1,'5'),(13,'lead_offer_given','2128,10,18,54,18589','send_customer_invitation_email',1,'1'),(14,'send_camp_owner_email','2128,10,132','send_camp_owner_email',1,'1'),(15,'referral_customer_notification','2128,10,132','send_referred_email',1,'1'),(16,'referral_user_notification','2128,10,15,yasiramjad77+79@gmail.com','send_register_user_email',1,'1'),(17,'join_customer','2145','send_customer_join_email',1,'1'),(18,'new_customer','2159,10,18','send_customer_invitation_email',0,'2'),(19,'new_customer','2158,10,18','send_customer_invitation_email',0,'2'),(20,'new_customer','2157,10,18','send_customer_invitation_email',0,'2'),(21,'new_customer','2156,10,18','send_customer_invitation_email',0,'2'),(22,'new_customer','2155,10,18','send_customer_invitation_email',0,'2'),(23,'new_customer','2154,10,18','send_customer_invitation_email',0,'2'),(24,'new_customer','2153,10,18','send_customer_invitation_email',0,'2'),(25,'new_customer','2152,10,18','send_customer_invitation_email',0,'2'),(26,'new_customer','2151,10,18','send_customer_invitation_email',0,'2'),(27,'new_customer','2150,10,18','send_customer_invitation_email',0,'1'),(28,'new_customer','2149,10,18','send_customer_invitation_email',0,'2'),(29,'new_customer','2148,10,18','send_customer_invitation_email',0,'2'),(30,'new_customer','2147,10,18','send_customer_invitation_email',0,'2'),(31,'new_customer','2146,10,18','send_customer_invitation_email',0,'2'),(32,'point_offer_given','2059,10,18,100,18783','send_customer_invitation_email',0,'1'),(33,'point_offer_given','2059,10,18,110,18897','send_customer_invitation_email',0,'1'),(34,'point_offer_given','2059,10,18,102,18985','send_customer_invitation_email',0,'1'),(35,'point_offer_given','2059,10,18,112,19098','send_customer_invitation_email',0,'1'),(36,'point_offer_given','2059,10,18,95,19125','send_customer_invitation_email',0,'1'),(37,'point_offer_given','2059,10,18,105,19249','send_customer_invitation_email',0,'1'),(38,'lead_offer_given','2059,10,18,84,19393','send_customer_invitation_email',0,'1'),(39,'send_camp_owner_email','2059,10,133','send_camp_owner_email',0,'1'),(40,'referral_customer_notification','2059,10,133','send_referred_email',0,'1'),(41,'referral_user_notification','2059,10,15,bitf17a514@pucit.edu.pk','send_register_user_email',0,'1');
/*!40000 ALTER TABLE `email_dump` ENABLE KEYS */;
UNLOCK TABLES;

--
-- Table structure for table `email_template`
--

DROP TABLE IF EXISTS `email_template`;
/*!40101 SET @saved_cs_client     = @@character_set_client */;
/*!40101 SET character_set_client = utf8 */;
CREATE TABLE `email_template` (
  `id` int(10) unsigned NOT NULL AUTO_INCREMENT,
  `campaign_id` int(11) DEFAULT NULL,
  `camp_id` int(11) DEFAULT NULL,
  `type_id` int(11) DEFAULT NULL,
  `html` text,
  `primary_color` text,
  `secondry_color` text,
  `button_color` text,
  `heading` text,
  `subheading` text,
  `enable` tinyint(4) NOT NULL DEFAULT '1',
  `subject` varchar(500) DEFAULT NULL,
  `mission` varchar(500) DEFAULT NULL,
  PRIMARY KEY (`id`)
) ENGINE=InnoDB AUTO_INCREMENT=106 DEFAULT CHARSET=latin1;
/*!40101 SET character_set_client = @saved_cs_client */;

--
-- Dumping data for table `email_template`
--

LOCK TABLES `email_template` WRITE;
/*!40000 ALTER TABLE `email_template` DISABLE KEYS */;
INSERT INTO `email_template` VALUES (10,30,10,1,'<p>I highly&nbsp;appreciate this camp Updated</p>\r\n','#1ad4bd','#704b5f','#d3e31f','','',1,'You are Invited by Camp',NULL),(11,30,10,2,'<p>Welcome %customer_name</p>\r\n','#1ad4bd','#704b5f','#d3e31f','','',1,NULL,NULL),(12,30,10,3,'<p>Thank you for joining us</p>\r\n\r\n<p>you can start receiving&nbsp;</p>\r\n','#1ad4bd','#704b5f','#d3e31f','Sharing is not caring','',1,NULL,NULL),(13,30,10,6,'<p>Hi %customer_name<br />\r\n<br />\r\nYou have earned %no_of_points and you have been awareded with offer</p>\r\n','#1ad4bd','#704b5f','#d3e31f','','',1,NULL,NULL),(14,30,10,2,'','#1ad4bd','#704b5f','#d3e31f','','',0,'',''),(16,18,10,3,'<p><strong>Hi %customer_name</strong></p>\r\n\r\n<p><strong>You can invite using share page</strong><br />\r\n%invite_using_share_page<br />\r\n<br />\r\n<strong>Here is your unique link</strong><br />\r\n%unique_link<br />\r\n<br />\r\n<strong>Rewards</strong><br />\r\n%rewards<br />\r\n&nbsp;</p>\r\n','#151716','#d1b418','#cde31f','Share Email by Yasir','This is share email ',1,'%camp_name Share Link 1','Mission text Here'),(17,18,10,7,'<p>%camp_name</p>\r\n\r\n<p>&nbsp;</p>\r\n\r\n<p>Dear&nbsp;%customer_name :&nbsp;</p>\r\n\r\n<p>&nbsp;</p>\r\n\r\n<p>Please Confirm Your Email&nbsp;<br />\r\n%confirmation_email_link</p>\r\n','#151716','#d1b418','#cde31f','Edit by yasir','',1,'%camp_name Confirmation Link 1','Mission text Here to this work is done'),(19,33,10,2,'<p>Please come</p>\r\n','#1ad4bd','#704b5f','#d3e31f','','',1,'','Hey Our Mission is 123'),(20,33,10,8,'<p><strong>Congratulations!</strong> Here is your Discount code %discount_code. You can redeem it</p>\r\n','#1ad4bd','#704b5f','#d3e31f','','',1,'','Hey Our Mission is 123 1'),(21,33,10,9,'<p><strong>Congratulations!</strong> You have earned %no_of_points points for referring <strong>%user_name</strong> and you will get a further reward if they book a place at the camp. Yoho lets party</p>\r\n','#1ad4bd','#704b5f','#d3e31f','','',1,'','Hey Our Mission is 123 1'),(22,18,10,8,'<p><strong>Congratulations!</strong>&nbsp;%customer_name</p>\r\n\r\n<p>&nbsp;</p>\r\n\r\n<p>Here is your Discount code&nbsp; %discount_code</p>\r\n','#151716','#d1b418','#cde31f','family discount email by yasir','',1,'%camp_name New Referral Code','Mission text Here'),(23,18,10,4,'<p>%image</p>\r\n\r\n<p><strong>Congratulations</strong> %customer_name, You have referred %no_of_referrals users. As a token of thanks, we would like to give you this voucher to redeem when you come to our camp. Yoo</p>\r\n\r\n<p>&nbsp;</p>\r\n\r\n<p>%winner_code</p>\r\n','#151716','#d1b418','#cde31f','referral by yasir','',1,'%camp_name %no_of_referrals referral Offer Winner','Mission text Here'),(24,18,10,5,'<p>%image</p>\r\n\r\n<p>Congratulations %customer_name, You get %no_of_views views. As a token of thanks, we would like to give you this voucher to redeem when you come to our camp. Updated</p>\r\n','#151716','#d1b418','#cde31f','view reward by yasir','',1,'%camp_name %no_of_views click Offer Winner','Mission text Here'),(25,18,10,6,'<p>%image</p>\r\n\r\n<p>&nbsp;</p>\r\n\r\n<p>Congratulations %customer_name, You have earned %no_of_points points. As a token of thanks, we would like to give you this voucher to redeem when you come to our camp.</p>\r\n','#151716','#d1b418','#cde31f','points email by yasir','',1,'%camp_name %no_of_points point Offer Winner','Mission text Here'),(26,18,10,10,'<p>Hi&nbsp;%customer_name.<br />\r\n<br />\r\nwe are&nbsp;%camp_name</p>\r\n\r\n<p>&nbsp;</p>\r\n\r\n<p>%winner</p>\r\n','#151716','#d1b418','#cde31f','Primary primar','Secondary',1,'Monthly leaderboard','Mission text Here to this work is done'),(27,18,10,1,'<p>My kids had a great time at %camp_name. It would be great if our kids could go on the same camp this year. Updated</p>\r\n','#151716','#d1b418','#cde31f','','',1,'%camp_name Referral Invite Yes','My Mission'),(28,18,10,3,'Thanks for joining our program.<br>You can start receiving rewards by inviting your friends to camp now.','#151716','#d1b418','#cde31f','','',1,'%camp_name Share Link',''),(29,18,10,3,'<p>Thanks for joining our program.<br />\r\nYou can start receiving rewards by inviting your friends to camp now.</p>\r\n','#151716','#d1b418','#cde31f','','',1,'%camp_name Share Link',''),(30,32,10,2,NULL,'#75af9d','#31383e','#1fe34a',NULL,NULL,1,NULL,NULL),(31,18,10,9,'<p><strong>Congratulations!</strong> You have earned %no_of_points points for referring <strong>%user_name</strong> and you will get a further reward if they book a place at the camp.</p>\r\n','#151716','#d1b418','#cde31f','notify by yasir','',1,'%camp_name New Referral','Mission text Here'),(33,18,10,2,'<p><strong>Hi</strong> - %customer_name</p>\r\n\r\n<p>&nbsp;</p>\r\n\r\n<p><strong>%</strong>%customer_dashboard_link</p>\r\n\r\n<p><strong>Rewards you receive</strong></p>\r\n\r\n<p>&nbsp;</p>\r\n\r\n<p>All the Best</p>\r\n\r\n<p>%camp_name</p>\r\n','#151716','#d1b418','#cde31f','','',1,'%camp_name Invitation Link','update check of mission'),(34,18,10,11,'<p>%image</p>\r\n\r\n<p><strong>Congratulations</strong> %customer_name, You have referred %no_of_registrations&nbsp;users. As a token of thanks, we would like to give you this voucher to redeem when you come to our camp. Yoo</p>\r\n\r\n<p>&nbsp;</p>\r\n\r\n<p>%winner_code</p>\r\n','#151716','#d1b418','#cde31f','','',1,'%camp_name %no_of_registrations  referral Offer Winner','Mission text Here to this work is done'),(35,18,10,12,'<p>%customer_name</p>\r\n\r\n<p>&nbsp;</p>\r\n\r\n<p>&nbsp;%camp_name</p>\r\n\r\n<p>&nbsp;</p>\r\n\r\n<p>%summery</p>\r\n\r\n<p>&nbsp;</p>\r\n\r\n<p>%account_link</p>\r\n','#151716','#d1b418','#cde31f','Heading','Sub Heading',1,'','Mission text Here to this work is done'),(78,77,10,3,'<p><strong>Hi %customer_name</strong></p>\r\n\r\n<p><strong>You can invite using share page</strong><br />\r\n%invite_using_share_page<br />\r\n<br />\r\n<strong>Here is your unique link</strong><br />\r\n%unique_link<br />\r\n<br />\r\n<strong>Rewards</strong><br />\r\n%rewards<br />\r\n&nbsp;</p>\r\n','#151716','#d1b418','#cde31f','Share Email by Yasir','This is share email ',1,'%camp_name Share Link 1','Mission text Here'),(79,77,10,7,'<p>%camp_name</p>\r\n\r\n<p>&nbsp;</p>\r\n\r\n<p>Dear&nbsp;%customer_name :&nbsp;</p>\r\n\r\n<p>&nbsp;</p>\r\n\r\n<p>Please Confirm Your Email&nbsp;<br />\r\n%confirmation_email_link</p>\r\n','#151716','#d1b418','#cde31f','Edit by yasir','',1,'%camp_name Confirmation Link 1','Mission text Here to this work is done'),(80,77,10,8,'<p><strong>Congratulations!</strong>&nbsp;%customer_name</p>\r\n\r\n<p>&nbsp;</p>\r\n\r\n<p>Here is your Discount code&nbsp; %discount_code</p>\r\n','#151716','#d1b418','#cde31f','family discount email by yasir','',1,'%camp_name New Referral Code','Mission text Here'),(81,77,10,4,'<p>%image</p>\r\n\r\n<p><strong>Congratulations</strong> %customer_name, You have referred %no_of_referrals users. As a token of thanks, we would like to give you this voucher to redeem when you come to our camp. Yoo</p>\r\n\r\n<p>&nbsp;</p>\r\n\r\n<p>%winner_code</p>\r\n','#151716','#d1b418','#cde31f','referral by yasir','',1,'%camp_name %no_of_referrals referral Offer Winner','Mission text Here'),(82,77,10,5,'<p>%image</p>\r\n\r\n<p>Congratulations %customer_name, You get %no_of_views views. As a token of thanks, we would like to give you this voucher to redeem when you come to our camp. Updated</p>\r\n','#151716','#d1b418','#cde31f','view reward by yasir','',1,'%camp_name %no_of_views click Offer Winner','Mission text Here'),(83,77,10,6,'<p>%image</p>\r\n\r\n<p>&nbsp;</p>\r\n\r\n<p>Congratulations %customer_name, You have earned %no_of_points points. As a token of thanks, we would like to give you this voucher to redeem when you come to our camp.</p>\r\n','#151716','#d1b418','#cde31f','points email by yasir','',1,'%camp_name %no_of_points point Offer Winner','Mission text Here'),(84,77,10,10,'<p>Hi&nbsp;%customer_name.<br />\r\n<br />\r\nwe are&nbsp;%camp_name</p>\r\n\r\n<p>&nbsp;</p>\r\n\r\n<p>%winner</p>\r\n','#151716','#d1b418','#cde31f','Primary primar','Secondary',1,'Monthly leaderboard','Mission text Here to this work is done'),(85,77,10,1,'<p>My kids had a great time at %camp_name. It would be great if our kids could go on the same camp this year. Updated</p>\r\n','#151716','#d1b418','#cde31f','','',1,'%camp_name Referral Invite Yes','My Mission'),(86,77,10,3,'Thanks for joining our program.<br>You can start receiving rewards by inviting your friends to camp now.','#151716','#d1b418','#cde31f','','',1,'%camp_name Share Link',''),(87,77,10,3,'<p>Thanks for joining our program.<br />\r\nYou can start receiving rewards by inviting your friends to camp now.</p>\r\n','#151716','#d1b418','#cde31f','','',1,'%camp_name Share Link',''),(88,77,10,9,'<p><strong>Congratulations!</strong> You have earned %no_of_points points for referring <strong>%user_name</strong> and you will get a further reward if they book a place at the camp.</p>\r\n','#151716','#d1b418','#cde31f','notify by yasir','',1,'%camp_name New Referral','Mission text Here'),(89,77,10,2,'<p><strong>Hi</strong> - %customer_name</p>\r\n\r\n<p>&nbsp;</p>\r\n\r\n<p><strong>%</strong>%customer_dashboard_link</p>\r\n\r\n<p><strong>Rewards you receive</strong></p>\r\n\r\n<p>&nbsp;</p>\r\n\r\n<p>All the Best</p>\r\n\r\n<p>%camp_name</p>\r\n','#151716','#d1b418','#cde31f','','',1,'%camp_name Invitation Link','update check of mission'),(90,77,10,11,'<p>%image</p>\r\n\r\n<p><strong>Congratulations</strong> %customer_name, You have referred %no_of_registrations&nbsp;users. As a token of thanks, we would like to give you this voucher to redeem when you come to our camp. Yoo</p>\r\n\r\n<p>&nbsp;</p>\r\n\r\n<p>%winner_code</p>\r\n','#151716','#d1b418','#cde31f','','',1,'%camp_name %no_of_registrations  referral Offer Winner','Mission text Here to this work is done'),(91,77,10,12,'<p>%customer_name</p>\r\n\r\n<p>&nbsp;</p>\r\n\r\n<p>&nbsp;%camp_name</p>\r\n\r\n<p>&nbsp;</p>\r\n\r\n<p>%summery</p>\r\n\r\n<p>&nbsp;</p>\r\n\r\n<p>%account_link</p>\r\n','#151716','#d1b418','#cde31f','Heading','Sub Heading',1,'','Mission text Here to this work is done'),(92,80,10,3,'<p><strong>Hi %customer_name</strong></p>\r\n\r\n<p><strong>You can invite using share page</strong><br />\r\n%invite_using_share_page<br />\r\n<br />\r\n<strong>Here is your unique link</strong><br />\r\n%unique_link<br />\r\n<br />\r\n<strong>Rewards</strong><br />\r\n%rewards<br />\r\n&nbsp;</p>\r\n','#151716','#d1b418','#cde31f','Share Email by Yasir','This is share email ',1,'%camp_name Share Link 1','Mission text Here'),(93,80,10,7,'<p>%camp_name</p>\r\n\r\n<p>&nbsp;</p>\r\n\r\n<p>Dear&nbsp;%customer_name :&nbsp;</p>\r\n\r\n<p>&nbsp;</p>\r\n\r\n<p>Please Confirm Your Email&nbsp;<br />\r\n%confirmation_email_link</p>\r\n','#151716','#d1b418','#cde31f','Edit by yasir','',1,'%camp_name Confirmation Link 1','Mission text Here to this work is done'),(94,80,10,8,'<p><strong>Congratulations!</strong>&nbsp;%customer_name</p>\r\n\r\n<p>&nbsp;</p>\r\n\r\n<p>Here is your Discount code&nbsp; %discount_code</p>\r\n','#151716','#d1b418','#cde31f','family discount email by yasir','',1,'%camp_name New Referral Code','Mission text Here'),(95,80,10,4,'<p>%image</p>\r\n\r\n<p><strong>Congratulations</strong> %customer_name, You have referred %no_of_referrals users. As a token of thanks, we would like to give you this voucher to redeem when you come to our camp. Yoo</p>\r\n\r\n<p>&nbsp;</p>\r\n\r\n<p>%winner_code</p>\r\n','#151716','#d1b418','#cde31f','referral by yasir','',1,'%camp_name %no_of_referrals referral Offer Winner','Mission text Here'),(96,80,10,5,'<p>%image</p>\r\n\r\n<p>Congratulations %customer_name, You get %no_of_views views. As a token of thanks, we would like to give you this voucher to redeem when you come to our camp. Updated</p>\r\n','#151716','#d1b418','#cde31f','view reward by yasir','',1,'%camp_name %no_of_views click Offer Winner','Mission text Here'),(97,80,10,6,'<p>%image</p>\r\n\r\n<p>&nbsp;</p>\r\n\r\n<p>Congratulations %customer_name, You have earned %no_of_points points. As a token of thanks, we would like to give you this voucher to redeem when you come to our camp.</p>\r\n','#151716','#d1b418','#cde31f','points email by yasir','',1,'%camp_name %no_of_points point Offer Winner','Mission text Here'),(98,80,10,10,'<p>Hi&nbsp;%customer_name.<br />\r\n<br />\r\nwe are&nbsp;%camp_name</p>\r\n\r\n<p>&nbsp;</p>\r\n\r\n<p>%winner</p>\r\n','#151716','#d1b418','#cde31f','Primary primar','Secondary',1,'Monthly leaderboard','Mission text Here to this work is done'),(99,80,10,1,'<p>My kids had a great time at %camp_name. It would be great if our kids could go on the same camp this year. Updated</p>\r\n','#151716','#d1b418','#cde31f','','',1,'%camp_name Referral Invite Yes','My Mission'),(100,80,10,3,'Thanks for joining our program.<br>You can start receiving rewards by inviting your friends to camp now.','#151716','#d1b418','#cde31f','','',1,'%camp_name Share Link',''),(101,80,10,3,'<p>Thanks for joining our program.<br />\r\nYou can start receiving rewards by inviting your friends to camp now.</p>\r\n','#151716','#d1b418','#cde31f','','',1,'%camp_name Share Link',''),(102,80,10,9,'<p><strong>Congratulations!</strong> You have earned %no_of_points points for referring <strong>%user_name</strong> and you will get a further reward if they book a place at the camp.</p>\r\n','#151716','#d1b418','#cde31f','notify by yasir','',1,'%camp_name New Referral','Mission text Here'),(103,80,10,2,'<p><strong>Hi</strong> - %customer_name</p>\r\n\r\n<p>&nbsp;</p>\r\n\r\n<p><strong>%</strong>%customer_dashboard_link</p>\r\n\r\n<p><strong>Rewards you receive</strong></p>\r\n\r\n<p>&nbsp;</p>\r\n\r\n<p>All the Best</p>\r\n\r\n<p>%camp_name</p>\r\n','#151716','#d1b418','#cde31f','','',1,'%camp_name Invitation Link','update check of mission'),(104,80,10,11,'<p>%image</p>\r\n\r\n<p><strong>Congratulations</strong> %customer_name, You have referred %no_of_registrations&nbsp;users. As a token of thanks, we would like to give you this voucher to redeem when you come to our camp. Yoo</p>\r\n\r\n<p>&nbsp;</p>\r\n\r\n<p>%winner_code</p>\r\n','#151716','#d1b418','#cde31f','','',1,'%camp_name %no_of_registrations  referral Offer Winner','Mission text Here to this work is done'),(105,80,10,12,'<p>%customer_name</p>\r\n\r\n<p>&nbsp;</p>\r\n\r\n<p>&nbsp;%camp_name</p>\r\n\r\n<p>&nbsp;</p>\r\n\r\n<p>%summery</p>\r\n\r\n<p>&nbsp;</p>\r\n\r\n<p>%account_link</p>\r\n','#151716','#d1b418','#cde31f','Heading','Sub Heading',1,'','Mission text Here to this work is done');
/*!40000 ALTER TABLE `email_template` ENABLE KEYS */;
UNLOCK TABLES;

--
-- Table structure for table `email_types`
--

DROP TABLE IF EXISTS `email_types`;
/*!40101 SET @saved_cs_client     = @@character_set_client */;
/*!40101 SET character_set_client = utf8 */;
CREATE TABLE `email_types` (
  `id` int(10) unsigned NOT NULL AUTO_INCREMENT,
  `name` varchar(200) DEFAULT NULL,
  `slug` varchar(500) DEFAULT NULL,
  `variables` varchar(500) DEFAULT NULL,
  `sequence` int(11) NOT NULL,
  `status` tinyint(1) NOT NULL DEFAULT '1',
  `default_email_template` text,
  PRIMARY KEY (`id`)
) ENGINE=InnoDB AUTO_INCREMENT=13 DEFAULT CHARSET=latin1;
/*!40101 SET character_set_client = @saved_cs_client */;

--
-- Dumping data for table `email_types`
--

LOCK TABLES `email_types` WRITE;
/*!40000 ALTER TABLE `email_types` DISABLE KEYS */;
INSERT INTO `email_types` VALUES (1,'Referral Invitation','referral_invite','%camp_name',4,0,NULL),(2,'Invitation Email','new_customer','%camp_name,%customer_name,%customer_dashboard_link,%rewards',1,1,'<p><strong>Hi</strong> - %customer_name</p>\r\n\r\n<p><strong>Your dashboard link is</strong></p>\r\n\r\n<p><strong>%</strong>%customer_dashboard_link</p>\r\n\r\n<p><strong>Rewards you receive</strong></p>\r\n\r\n<p>%rewards</p>\r\n\r\n<p>&nbsp;</p>\r\n\r\n<p>All the Best</p>\r\n\r\n<p>%camp_name</p>\r\n'),(3,'Share Email','join_customer','%camp_name,%customer_name,%unique_link,%invite_using_share_page,%tasks,%rewards',3,1,'<p><strong>Hi %customer_name</strong></p>\r\n\r\n<p><strong>You can invite using share page</strong><br />\r\n%invite_using_share_page<br />\r\n<br />\r\n<strong>Here is your unique link</strong><br />\r\n%unique_link<br />\r\n<br />\r\n<strong>Rewards</strong><br />\r\n%rewards<br />\r\n&nbsp;</p>\r\n'),(4,'Referral Reward Email','lead_offer_given','%camp_name,%customer_name,%no_of_referrals,%winner_code,%image',7,1,'<p>%image</p>\r\n\r\n<p><strong>Congratulations</strong> %customer_name, You have referred %no_of_referrals users. As a token of thanks, we would like to give you this voucher to redeem when you come to our camp. Yoo</p>\r\n\r\n<p>&nbsp;</p>\r\n\r\n<p>%winner_code</p>\r\n'),(5,'Views Reward Email','view_offer_given','%camp_name,%customer_name,%no_of_views,%winner_code,%image',8,0,'<p>%image</p>\r\n\r\n<p>Congratulations %customer_name, You get %no_of_views views. As a token of thanks, we would like to give you this voucher to redeem when you come to our camp. Updated</p>\r\n'),(6,'Points Reward Email','point_offer_given','%camp_name,%customer_name,%no_of_points,%winner_code,%image',9,1,'<p>%image</p>\r\n\r\n<p>&nbsp;</p>\r\n\r\n<p>Congratulations %customer_name, You have earned %no_of_points points. As a token of thanks, we would like to give you this voucher to redeem when you come to our camp.</p>\r\n'),(7,'Confirmation Email','confirm_customer','%camp_name,%customer_name,%confirmation_email_link,%rewards',2,1,'<p><strong>Hi- %customer_name</strong></p>\r\n\r\n<p>&nbsp;</p>\r\n\r\n<p><strong>Please confirm your email :</strong></p>\r\n\r\n<p>&nbsp;</p>\r\n\r\n<p>%confirmation_email_link&nbsp;</p>\r\n\r\n<p>&nbsp;</p>\r\n\r\n<p>All the Best</p>\r\n\r\n<p>%camp_name</p>\r\n'),(8,'Referred family discount code','referral_user_notification','%camp_name,%discount_code,%customer_name',5,1,'<p><strong>Congratulations!</strong>&nbsp;%customer_name</p>\r\n\r\n<p>&nbsp;</p>\r\n\r\n<p>Here is your Discount code&nbsp; %discount_code</p>\r\n'),(9,'Notification for referring family','referral_customer_notification','%camp_name,%no_of_points, %user_name',6,1,'<p><strong>Congratulations!</strong> You have earned %no_of_points points for referring <strong>%user_name</strong> and you will get a further reward if they book a place at the camp.</p>\r\n'),(10,'Monthly Leaderboard Email','monthly_email','%customer_name,%camp_name,%winner',10,1,NULL),(11,'Registration Reward Email','registration_reward_email','%camp_name,%customer_name,%no_of_registrations,%winner_code,%image',8,1,'<p>%image</p>\r\n\r\n<p><strong>Congratulations</strong> %customer_name, You have referred %no_of_referrals users. As a token of thanks, we would like to give you this voucher to redeem when you come to our camp. Yoo</p>\r\n\r\n<p>&nbsp;</p>\r\n\r\n<p>%winner_code</p>\r\n'),(12,'Monthly Summery Email','monthly_summery_email','%customer_name,%camp_name,%summery,%account_link',11,1,'<p>%customer_name</p>\r\n\r\n<p>&nbsp;</p>\r\n\r\n<p>&nbsp;%camp_name</p>\r\n\r\n<p>&nbsp;</p>\r\n\r\n<p>%summery</p>\r\n\r\n<p>&nbsp;</p>\r\n\r\n<p>%account_link</p>\r\n');
/*!40000 ALTER TABLE `email_types` ENABLE KEYS */;
UNLOCK TABLES;

--
-- Table structure for table `invites`
--

DROP TABLE IF EXISTS `invites`;
/*!40101 SET @saved_cs_client     = @@character_set_client */;
/*!40101 SET character_set_client = utf8 */;
CREATE TABLE `invites` (
  `id` int(11) NOT NULL AUTO_INCREMENT,
  `campaign_id` int(11) DEFAULT NULL,
  `customer_id` int(11) NOT NULL,
  `camp_id` int(11) NOT NULL,
  `email` varchar(500) DEFAULT NULL,
  `created_at` date DEFAULT NULL,
  PRIMARY KEY (`id`)
) ENGINE=InnoDB AUTO_INCREMENT=24 DEFAULT CHARSET=latin1;
/*!40101 SET character_set_client = @saved_cs_client */;

--
-- Dumping data for table `invites`
--

LOCK TABLES `invites` WRITE;
/*!40000 ALTER TABLE `invites` DISABLE KEYS */;
INSERT INTO `invites` VALUES (9,18,1398,10,'user1@gmail.com','2020-02-11'),(10,18,1398,10,'user2@gmail.com','2020-02-11'),(11,18,2042,10,'shazimkhan107+t101@gmail.com','2020-02-26'),(12,18,1402,10,'shazimkhan107+m1@gmail.com','2020-02-29'),(13,18,1402,10,'iamshazimkhan+pp@gmail.com','2020-02-29'),(14,18,1402,10,'iamshazimkhan+101@gmail.com','2020-02-29'),(15,18,1402,10,'iamshazimkhan+104@gmail.com','2020-02-29'),(16,18,2052,10,'iamshazimkhan+ls@gmail.com','2020-03-18'),(17,18,2057,10,'iamshazimkhan+fam1@gmail.com','2020-04-02'),(18,18,2059,10,'iamshazimkhan+001@gmail.com','2020-04-07'),(19,18,2059,10,'iamshazimkhan+002@gmail.com','2020-04-07'),(20,18,2059,10,'iamshazimkhan+sm1@gmail.com','2020-04-08'),(21,18,2069,10,'iamshazimkhan+t3@gmail.com','2020-04-11'),(22,18,2071,10,'iamshazimkhan+t6@gmail.com','2020-04-12'),(23,18,2073,10,'iamshazimkhan+t8@gmail.com','2020-04-14');
/*!40000 ALTER TABLE `invites` ENABLE KEYS */;
UNLOCK TABLES;

--
-- Table structure for table `invoice`
--

DROP TABLE IF EXISTS `invoice`;
/*!40101 SET @saved_cs_client     = @@character_set_client */;
/*!40101 SET character_set_client = utf8 */;
CREATE TABLE `invoice` (
  `invoice_id` int(11) NOT NULL AUTO_INCREMENT,
  `camp_id` int(11) NOT NULL,
  `plan_name` text NOT NULL,
  `price` int(11) NOT NULL,
  `date` date NOT NULL,
  PRIMARY KEY (`invoice_id`)
) ENGINE=InnoDB AUTO_INCREMENT=27 DEFAULT CHARSET=latin1;
/*!40101 SET character_set_client = @saved_cs_client */;

--
-- Dumping data for table `invoice`
--

LOCK TABLES `invoice` WRITE;
/*!40000 ALTER TABLE `invoice` DISABLE KEYS */;
INSERT INTO `invoice` VALUES (1,1,'SMALL',149,'2018-10-04'),(2,2,'SMALL',149,'2018-10-06'),(3,3,'SMALL',149,'2018-10-09'),(4,4,'pre sale - $99 per month ',0,'2018-10-09'),(5,5,'Pre Sale $1000',0,'2018-10-15'),(6,6,'SMALL',149,'2018-10-16'),(7,8,'pre sale - $99 per month ',0,'2018-10-18'),(8,9,'SMALL',149,'2018-10-18'),(9,10,'SMALL',149,'2018-10-18'),(10,11,'SMALL',149,'2018-10-18'),(11,12,'SMALL',149,'2018-10-18'),(12,13,'SMALL',149,'2018-10-18'),(13,14,'Small',149,'2018-10-22'),(14,15,'Small',149,'2018-10-22'),(15,16,'test',1,'2018-10-22'),(16,17,'test',1,'2018-10-22'),(17,18,'Cheap Year',1,'2018-10-23'),(18,19,'Small',149,'2018-10-23'),(19,20,'Medium',2391,'2018-10-24'),(20,21,'Large',449,'2018-10-25'),(21,23,'Medium',249,'2018-10-25'),(22,26,'Medium',249,'2018-11-02'),(23,27,'Medium',199,'2018-11-19'),(24,36,'Small',99,'2019-01-16'),(25,17,'Small',99,'2020-04-07'),(26,18,'Small',99,'2020-04-07');
/*!40000 ALTER TABLE `invoice` ENABLE KEYS */;
UNLOCK TABLES;

--
-- Table structure for table `landing_page_setting`
--

DROP TABLE IF EXISTS `landing_page_setting`;
/*!40101 SET @saved_cs_client     = @@character_set_client */;
/*!40101 SET character_set_client = utf8 */;
CREATE TABLE `landing_page_setting` (
  `id` int(10) unsigned NOT NULL AUTO_INCREMENT,
  `camp_id` int(11) DEFAULT NULL,
  `campaign_id` int(11) DEFAULT NULL,
  `heading` text,
  `subheading` text,
  `main_text` text,
  `description` text,
  `button_text` text,
  `button_color` text,
  `image` varchar(255) DEFAULT NULL,
  PRIMARY KEY (`id`)
) ENGINE=InnoDB AUTO_INCREMENT=25 DEFAULT CHARSET=latin1;
/*!40101 SET character_set_client = @saved_cs_client */;

--
-- Dumping data for table `landing_page_setting`
--

LOCK TABLES `landing_page_setting` WRITE;
/*!40000 ALTER TABLE `landing_page_setting` DISABLE KEYS */;
INSERT INTO `landing_page_setting` VALUES (1,6,14,'hello','hello','text ','text','hello','#454545','playlist2.jpg'),(2,10,18,NULL,NULL,'Give a Friend 100$ Off Camp & Receive $100 Reward\r\nUpdated','Join our referral program and start referring friends - unlimited rewards','Start Referring','#ff1b1b',''),(4,10,20,'Head','sub','test','de','yes','#000000','uploads/Screenshot_from_2020-04-08_19-09-02.png'),(5,10,33,'My Heading ','My SubHeading','Main Text','Description','Hey','#10d43b','uploads/Screenshot_from_2020-04-08_19-09-02.png'),(10,6,59,'Head','sub','test','de','yes','#000000','uploads/Screenshot_from_2020-04-08_19-09-02.png'),(11,10,60,NULL,NULL,NULL,NULL,NULL,NULL,NULL),(12,10,61,NULL,NULL,NULL,NULL,NULL,NULL,NULL),(13,10,62,NULL,NULL,NULL,NULL,NULL,NULL,NULL),(14,10,63,'Head','sub','test','de','yes','#000000','uploads/Screenshot_from_2020-04-08_19-09-02.png'),(15,10,64,'Head','sub','test','de','yes','#000000','uploads/Screenshot_from_2020-04-08_19-09-02.png'),(16,10,70,NULL,NULL,NULL,NULL,NULL,NULL,NULL),(17,10,71,NULL,NULL,NULL,NULL,NULL,NULL,NULL),(21,10,77,NULL,NULL,'Give a Friend 100$ Off Camp & Receive $100 Reward\r\nUpdated','Join our referral program and start referring friends - unlimited rewards','Start Referring','#ff1b1b','playlist22.jpg'),(22,10,78,NULL,NULL,NULL,NULL,NULL,NULL,NULL),(23,10,79,NULL,NULL,NULL,NULL,NULL,NULL,'default.png'),(24,10,80,NULL,NULL,'Give a Friend 100$ Off Camp & Receive $100 Reward\r\nUpdated','Join our referral program and start referring friends - unlimited rewards','Start Referring','#2150f7','playlist22.jpg');
/*!40000 ALTER TABLE `landing_page_setting` ENABLE KEYS */;
UNLOCK TABLES;

--
-- Table structure for table `link_views`
--

DROP TABLE IF EXISTS `link_views`;
/*!40101 SET @saved_cs_client     = @@character_set_client */;
/*!40101 SET character_set_client = utf8 */;
CREATE TABLE `link_views` (
  `id` int(11) NOT NULL AUTO_INCREMENT,
  `customer_id` int(11) NOT NULL,
  `campaign_id` int(11) DEFAULT NULL,
  `camp_id` int(11) NOT NULL,
  `ip_address` varchar(255) NOT NULL,
  `created_at` date DEFAULT NULL,
  PRIMARY KEY (`id`)
) ENGINE=InnoDB AUTO_INCREMENT=24 DEFAULT CHARSET=latin1;
/*!40101 SET character_set_client = @saved_cs_client */;

--
-- Dumping data for table `link_views`
--

LOCK TABLES `link_views` WRITE;
/*!40000 ALTER TABLE `link_views` DISABLE KEYS */;
INSERT INTO `link_views` VALUES (11,2051,33,10,'::1','2020-02-29'),(12,2071,18,10,'::1','2020-04-12'),(16,2059,18,10,'::1','2020-04-13'),(17,2073,18,10,'::1','2020-04-15'),(18,1398,18,10,'::1','2020-04-25'),(20,2126,18,10,'::1','2020-06-10'),(21,2127,18,10,'::1','2020-06-10'),(22,2128,18,10,'::1','2020-06-10'),(23,2162,18,10,'::1','2020-07-21');
/*!40000 ALTER TABLE `link_views` ENABLE KEYS */;
UNLOCK TABLES;

--
-- Table structure for table `offers`
--

DROP TABLE IF EXISTS `offers`;
/*!40101 SET @saved_cs_client     = @@character_set_client */;
/*!40101 SET character_set_client = utf8 */;
CREATE TABLE `offers` (
  `offer_id` int(11) NOT NULL AUTO_INCREMENT,
  `campaign_id` int(11) DEFAULT NULL,
  `camp_id` int(11) NOT NULL,
  `title` longtext NOT NULL,
  `subtitle` longtext NOT NULL,
  `type` text NOT NULL,
  `offer_type` text NOT NULL,
  `repeating` tinyint(1) NOT NULL DEFAULT '0',
  `offer_count` int(11) NOT NULL,
  `offer_price` int(11) NOT NULL,
  `logo` text NOT NULL,
  `date` date NOT NULL,
  `reward_date` date DEFAULT NULL,
  PRIMARY KEY (`offer_id`)
) ENGINE=InnoDB AUTO_INCREMENT=115 DEFAULT CHARSET=latin1;
/*!40101 SET character_set_client = @saved_cs_client */;

--
-- Dumping data for table `offers`
--

LOCK TABLES `offers` WRITE;
/*!40000 ALTER TABLE `offers` DISABLE KEYS */;
INSERT INTO `offers` VALUES (51,18,10,'Free Bag','Get a free T Shirt','milestone','points',0,1000,0,'','2020-02-11','0000-00-00'),(54,18,10,'R - Free Bag','Get a bag','milestone','referrals',1,2,0,'77826.jpg','2020-02-20','0000-00-00'),(55,18,10,'Test link','test','milestone','link_views',0,100,0,'90988344_156052075596828_8490810393235554304_n.jpg','2020-02-21','0000-00-00'),(56,2,6,'Get a Free Shirt','Sub title','milestone','referrals',0,10,0,'','2020-02-24','0000-00-00'),(57,2,6,'Get a bad','test','monthly','',0,0,0,'','2020-02-24','0000-00-00'),(58,2,6,'Free Camp Ticket','test','milestone','points',0,1000,0,'','2020-02-24','0000-00-00'),(65,30,10,'1 MileStone Offer Views','Some description here','milestone','link_views',0,505,0,'1.jpg','2019-01-01',NULL),(66,30,10,'New MileStone Offer Referrals','demo','milestone','referrals',0,2,0,'image5.jpg','2019-01-01',NULL),(67,30,10,'Monthly Offer','Offer','monthly','link_views',0,100,0,'3.jpg','2019-02-10',NULL),(68,30,10,'1000 Points offer','New offer','milestone','points',0,1000,0,'image1.jpg','2019-12-09',NULL),(69,30,10,'New Year Reward','Free Bottle','top_leaderboard','',0,0,0,'','2019-12-26','2019-12-30'),(70,30,10,'Super','sdas','monthly','',0,0,0,'s_event.jpg','2020-02-03','0000-00-00'),(72,32,10,'Test 1','test','milestone','points',0,100,0,'4.jpg','2020-02-24','0000-00-00'),(75,18,10,'reward date','test','top_leaderboard','',0,0,0,'','2020-03-06','0000-00-00'),(76,18,10,'My reward date','reward','top_leaderboard','',0,0,0,'','2020-03-06','2020-04-07'),(77,41,17,'Test 1','test','milestone','points',0,100,0,'4.jpg','2020-02-24','0000-00-00'),(79,42,18,'My New Reward','Reward subtitle','milestone','referrals',1,10,0,'','2020-04-07','1970-01-01'),(80,18,10,'Free T Shirt','Get a free T Shirt','milestone','points',0,100,0,'metamask-ethereum-online-wallet-logo-750x469.png','2020-02-11','2020-04-08'),(81,18,10,'N - Free bag','Get a bag','milestone','referrals',0,2,0,'','2020-02-20','2020-04-08'),(82,18,10,'New Title yoo','New sub yoo','milestone','points',0,200,0,'','2020-04-08','1970-01-01'),(83,18,10,'Monthly Reward','Top points at the end of month','monthly','',0,0,0,'','2020-04-28','1970-01-01'),(84,18,10,'Email Testing','test','milestone','referrals',1,1,0,'77826.jpg','2020-06-12','1970-01-01'),(95,77,10,'Free Bag','Get a free T Shirt','milestone','points',0,1000,0,'','2020-02-11','0000-00-00'),(96,77,10,'R - Free Bag','Get a bag','milestone','referrals',1,2,0,'77826.jpg','2020-02-20','0000-00-00'),(97,77,10,'Test link','test','milestone','link_views',0,100,0,'90988344_156052075596828_8490810393235554304_n.jpg','2020-02-21','0000-00-00'),(98,77,10,'reward date','test','top_leaderboard','',0,0,0,'','2020-03-06','0000-00-00'),(99,77,10,'My reward date','reward','top_leaderboard','',0,0,0,'','2020-03-06','2020-04-07'),(100,77,10,'Free T Shirt','Get a free T Shirt','milestone','points',0,100,0,'metamask-ethereum-online-wallet-logo-750x469.png','2020-02-11','2020-04-08'),(101,77,10,'N - Free bag','Get a bag','milestone','referrals',0,2,0,'','2020-02-20','2020-04-08'),(102,77,10,'New Title yoo','New sub yoo','milestone','points',0,200,0,'','2020-04-08','1970-01-01'),(103,77,10,'Monthly Reward','Top points at the end of month','monthly','',0,0,0,'','2020-04-28','1970-01-01'),(104,77,10,'Email Testing','test','milestone','referrals',1,1,0,'77826.jpg','2020-06-12','1970-01-01'),(105,80,10,'Free Bag','Get a free T Shirt','milestone','points',0,1000,0,'','2020-02-11','0000-00-00'),(106,80,10,'R - Free Bag','Get a bag','milestone','referrals',1,2,0,'77826.jpg','2020-02-20','0000-00-00'),(107,80,10,'Test link','test','milestone','link_views',0,100,0,'90988344_156052075596828_8490810393235554304_n.jpg','2020-02-21','0000-00-00'),(108,80,10,'reward date','test','top_leaderboard','',0,0,0,'','2020-03-06','0000-00-00'),(109,80,10,'My reward date','reward','top_leaderboard','',0,0,0,'','2020-03-06','2020-04-07'),(110,80,10,'Free T Shirt','Get a free T Shirt','milestone','points',0,100,0,'metamask-ethereum-online-wallet-logo-750x469.png','2020-02-11','2020-04-08'),(111,80,10,'N - Free bag','Get a bag','milestone','referrals',0,2,0,'','2020-02-20','2020-04-08'),(112,80,10,'New Title yoo','New sub yoo','milestone','points',0,200,0,'','2020-04-08','1970-01-01'),(113,80,10,'Monthly Reward','Top points at the end of month','monthly','',0,0,0,'','2020-04-28','1970-01-01'),(114,80,10,'Email Testing','test','milestone','referrals',1,1,0,'77826.jpg','2020-06-12','1970-01-01');
/*!40000 ALTER TABLE `offers` ENABLE KEYS */;
UNLOCK TABLES;

--
-- Table structure for table `plans`
--

DROP TABLE IF EXISTS `plans`;
/*!40101 SET @saved_cs_client     = @@character_set_client */;
/*!40101 SET character_set_client = utf8 */;
CREATE TABLE `plans` (
  `plan_id` int(11) NOT NULL AUTO_INCREMENT,
  `name` text NOT NULL,
  `sub_type` text NOT NULL,
  `user_type` text NOT NULL,
  `user_no` int(11) NOT NULL,
  `price` float NOT NULL,
  `des` varchar(400) NOT NULL,
  PRIMARY KEY (`plan_id`)
) ENGINE=InnoDB AUTO_INCREMENT=24 DEFAULT CHARSET=latin1;
/*!40101 SET character_set_client = @saved_cs_client */;

--
-- Dumping data for table `plans`
--

LOCK TABLES `plans` WRITE;
/*!40000 ALTER TABLE `plans` DISABLE KEYS */;
INSERT INTO `plans` VALUES (17,'Small','month','limited',100,99,'Add up to 100 of your customers. Perfect for small camps that want to boost their numbers.'),(18,'Medium','month','limited',1000,199,'Add up to 1000 of your customers. Perfect for medium camps that want to boost their numbers.'),(19,'Large','month','limited',5000,299,'Add up to 5000 of your customers. Perfect for large camps that want to boost their numbers.'),(21,'Small','year','limited',100,999,'Add up to 100 of your customers. Perfect for small camps that want to boost their numbers.'),(22,'Medium','year','limited',1000,1999,'Add up to 1000 customers. Perfect for medium camps that want to save on marketing costs.'),(23,'Large','year','limited',5000,2999,'Add up to 5000 customers. Perfect for large camps that want to save on marketing costs.');
/*!40000 ALTER TABLE `plans` ENABLE KEYS */;
UNLOCK TABLES;

--
-- Table structure for table `points`
--

DROP TABLE IF EXISTS `points`;
/*!40101 SET @saved_cs_client     = @@character_set_client */;
/*!40101 SET character_set_client = utf8 */;
CREATE TABLE `points` (
  `point_id` int(11) NOT NULL AUTO_INCREMENT,
  `customer_id` int(11) NOT NULL,
  `point` int(11) NOT NULL,
  `date` timestamp NOT NULL DEFAULT CURRENT_TIMESTAMP ON UPDATE CURRENT_TIMESTAMP,
  PRIMARY KEY (`point_id`)
) ENGINE=InnoDB AUTO_INCREMENT=890 DEFAULT CHARSET=latin1;
/*!40101 SET character_set_client = @saved_cs_client */;

--
-- Dumping data for table `points`
--

LOCK TABLES `points` WRITE;
/*!40000 ALTER TABLE `points` DISABLE KEYS */;
INSERT INTO `points` VALUES (126,1362,100,'2020-01-21 16:14:21'),(127,1364,0,'2019-11-08 19:10:26'),(128,1367,0,'2019-11-08 19:10:26'),(129,1368,0,'2019-11-08 19:10:26'),(130,1369,50,'2019-11-21 11:06:23'),(131,1370,0,'2019-11-08 19:10:26'),(132,1371,0,'2019-11-08 19:10:26'),(133,1372,50,'2019-12-11 10:47:00'),(134,1373,50,'2019-12-17 05:38:58'),(135,1374,50,'2019-12-17 14:45:57'),(136,1375,50,'2019-12-17 14:52:38'),(137,1376,50,'2019-12-17 15:04:03'),(138,1365,51,'2019-11-18 19:13:49'),(139,1366,0,'2019-08-08 12:00:49'),(140,1377,50,'2019-12-17 15:07:18'),(142,1379,1651,'2020-01-11 09:29:10'),(143,1381,10,'2020-01-12 07:36:17'),(144,1382,10,'2020-01-12 14:42:23'),(145,1383,10,'2020-01-12 14:42:31'),(146,1384,10,'2020-01-12 14:50:40'),(147,1386,10,'2020-01-14 12:02:37'),(148,1387,10,'2020-01-16 11:25:43'),(149,1388,10,'2020-01-16 11:33:50'),(150,1389,61,'2020-01-21 09:53:52'),(151,1390,10,'2020-01-16 12:20:57'),(152,1391,1001,'2020-01-16 14:54:17'),(153,1392,40,'2020-01-16 15:36:33'),(154,1393,10,'2020-01-17 17:08:10'),(155,1394,130,'2020-01-17 18:05:15'),(156,1395,0,'2020-01-23 14:11:45'),(157,1396,0,'2020-02-03 12:47:49'),(158,1397,0,'2020-02-06 14:08:07'),(159,1398,234,'2020-04-25 16:55:53'),(160,1399,10,'2020-02-10 23:45:18'),(161,1400,0,'2020-02-11 00:01:06'),(162,1403,10,'2020-02-19 08:16:27'),(163,1404,0,'2020-02-19 09:14:52'),(164,1405,0,'2020-02-19 09:14:52'),(165,1406,0,'2020-02-19 11:08:45'),(166,1407,0,'2020-02-19 11:08:45'),(167,1408,0,'2020-02-19 11:08:45'),(168,1409,0,'2020-02-19 11:08:45'),(169,1410,0,'2020-02-19 11:08:45'),(170,1411,0,'2020-02-19 11:08:45'),(171,1412,0,'2020-02-19 11:08:45'),(172,1413,0,'2020-02-19 11:08:45'),(173,1414,0,'2020-02-19 11:08:45'),(174,1415,0,'2020-02-19 11:08:45'),(175,1416,0,'2020-02-19 11:08:46'),(176,1417,0,'2020-02-19 11:08:46'),(177,1418,0,'2020-02-19 11:08:46'),(178,1419,0,'2020-02-19 11:08:46'),(179,1420,0,'2020-02-19 11:08:46'),(180,1421,0,'2020-02-19 11:08:46'),(181,1422,0,'2020-02-19 11:08:46'),(182,1423,0,'2020-02-19 11:08:46'),(183,1424,0,'2020-02-19 11:08:46'),(184,1425,0,'2020-02-19 11:08:46'),(185,1426,0,'2020-02-19 11:08:46'),(186,1427,0,'2020-02-19 11:08:46'),(187,1428,0,'2020-02-19 11:08:46'),(188,1429,0,'2020-02-19 11:08:46'),(189,1430,0,'2020-02-19 11:08:46'),(190,1431,0,'2020-02-19 11:08:47'),(191,1432,0,'2020-02-19 11:08:47'),(192,1433,0,'2020-02-19 11:08:47'),(193,1434,0,'2020-02-19 11:08:47'),(194,1435,0,'2020-02-19 11:08:47'),(195,1436,0,'2020-02-19 11:08:47'),(196,1437,0,'2020-02-19 11:08:47'),(197,1438,0,'2020-02-19 11:08:47'),(198,1439,0,'2020-02-19 11:08:47'),(199,1440,0,'2020-02-19 11:08:47'),(200,1441,0,'2020-02-19 11:08:47'),(201,1442,0,'2020-02-19 11:08:47'),(202,1443,0,'2020-02-19 11:08:47'),(203,1444,0,'2020-02-19 11:08:47'),(204,1445,0,'2020-02-19 11:08:47'),(205,1446,0,'2020-02-19 11:08:47'),(206,1447,0,'2020-02-19 11:08:48'),(207,1448,0,'2020-02-19 11:08:48'),(208,1449,0,'2020-02-19 11:08:48'),(209,1450,0,'2020-02-19 11:08:48'),(210,1451,0,'2020-02-19 11:08:48'),(211,1452,0,'2020-02-19 11:08:48'),(212,1453,0,'2020-02-19 11:08:48'),(213,1454,0,'2020-02-19 11:08:48'),(214,1455,0,'2020-02-19 11:08:48'),(215,1456,0,'2020-02-19 11:08:48'),(216,1457,0,'2020-02-19 11:08:48'),(217,1458,0,'2020-02-19 11:08:48'),(218,1459,0,'2020-02-19 11:08:48'),(219,1460,0,'2020-02-19 11:08:48'),(220,1461,0,'2020-02-19 11:08:48'),(221,1462,0,'2020-02-19 11:08:48'),(222,1463,0,'2020-02-19 11:08:49'),(223,1464,0,'2020-02-19 11:08:49'),(224,1465,0,'2020-02-19 11:08:49'),(225,1466,0,'2020-02-19 11:08:49'),(226,1467,0,'2020-02-19 11:08:49'),(227,1468,0,'2020-02-19 11:08:49'),(228,1469,0,'2020-02-19 11:08:49'),(229,1470,0,'2020-02-19 11:08:49'),(230,1471,0,'2020-02-19 11:08:49'),(231,1472,0,'2020-02-19 11:08:49'),(232,1473,0,'2020-02-19 11:08:49'),(233,1474,0,'2020-02-19 11:08:49'),(234,1475,0,'2020-02-19 11:08:49'),(235,1476,0,'2020-02-19 11:08:49'),(236,1477,0,'2020-02-19 11:08:49'),(237,1478,0,'2020-02-19 11:08:49'),(238,1479,0,'2020-02-19 11:08:50'),(239,1480,0,'2020-02-19 11:08:50'),(240,1481,0,'2020-02-19 11:08:50'),(241,1482,0,'2020-02-19 11:08:50'),(242,1483,0,'2020-02-19 11:08:50'),(243,1484,0,'2020-02-19 11:08:50'),(244,1485,0,'2020-02-19 11:08:50'),(245,1486,0,'2020-02-19 11:08:50'),(246,1487,0,'2020-02-19 11:08:50'),(247,1488,0,'2020-02-19 11:08:50'),(248,1489,0,'2020-02-19 11:08:50'),(249,1490,0,'2020-02-19 11:08:50'),(250,1491,0,'2020-02-19 11:08:50'),(251,1492,0,'2020-02-19 11:08:50'),(252,1493,0,'2020-02-19 11:08:50'),(253,1494,0,'2020-02-19 11:08:50'),(254,1495,0,'2020-02-19 11:08:50'),(255,1496,0,'2020-02-19 11:08:51'),(256,1497,0,'2020-02-19 11:08:51'),(257,1498,0,'2020-02-19 11:08:51'),(258,1499,0,'2020-02-19 11:08:51'),(259,1500,0,'2020-02-19 11:08:51'),(260,1501,0,'2020-02-19 11:08:51'),(261,1502,0,'2020-02-19 11:08:51'),(262,1503,0,'2020-02-19 11:08:51'),(263,1504,0,'2020-02-19 11:08:51'),(264,1505,0,'2020-02-19 11:08:51'),(265,1506,0,'2020-02-19 11:08:51'),(266,1507,0,'2020-02-19 11:08:51'),(267,1508,0,'2020-02-19 11:08:51'),(268,1509,0,'2020-02-19 11:08:51'),(269,1510,0,'2020-02-19 11:08:51'),(270,1511,0,'2020-02-19 11:08:51'),(271,1512,0,'2020-02-19 11:08:51'),(272,1513,0,'2020-02-19 11:08:52'),(273,1514,0,'2020-02-19 11:08:52'),(274,1515,0,'2020-02-19 11:08:52'),(275,1516,0,'2020-02-19 11:08:52'),(276,1517,0,'2020-02-19 11:08:52'),(277,1518,0,'2020-02-19 11:08:52'),(278,1519,0,'2020-02-19 11:08:52'),(279,1520,0,'2020-02-19 11:08:52'),(280,1521,0,'2020-02-19 11:08:52'),(281,1522,0,'2020-02-19 11:08:52'),(282,1523,0,'2020-02-19 11:08:52'),(283,1524,0,'2020-02-19 11:08:52'),(284,1525,0,'2020-02-19 11:08:52'),(285,1526,0,'2020-02-19 11:08:52'),(286,1527,0,'2020-02-19 11:08:52'),(287,1528,0,'2020-02-19 11:08:52'),(288,1529,0,'2020-02-19 11:08:52'),(289,1530,0,'2020-02-19 11:08:52'),(290,1531,0,'2020-02-19 11:08:53'),(291,1532,0,'2020-02-19 11:08:53'),(292,1533,0,'2020-02-19 11:08:53'),(293,1534,0,'2020-02-19 11:08:53'),(294,1535,0,'2020-02-19 11:08:53'),(295,1536,0,'2020-02-19 11:08:53'),(296,1537,0,'2020-02-19 11:08:53'),(297,1538,0,'2020-02-19 11:08:53'),(298,1539,0,'2020-02-19 11:08:53'),(299,1540,0,'2020-02-19 11:08:53'),(300,1541,0,'2020-02-19 11:08:53'),(301,1542,0,'2020-02-19 11:08:53'),(302,1543,0,'2020-02-19 11:08:53'),(303,1544,0,'2020-02-19 11:08:53'),(304,1545,0,'2020-02-19 11:08:53'),(305,1546,0,'2020-02-19 11:08:53'),(306,1547,0,'2020-02-19 11:08:53'),(307,1548,0,'2020-02-19 11:08:54'),(308,1549,0,'2020-02-19 11:08:54'),(309,1550,0,'2020-02-19 11:08:54'),(310,1551,0,'2020-02-19 11:08:54'),(311,1552,0,'2020-02-19 11:08:54'),(312,1553,0,'2020-02-19 11:08:54'),(313,1554,0,'2020-02-19 11:08:54'),(314,1555,0,'2020-02-19 11:08:54'),(315,1556,0,'2020-02-19 11:08:54'),(316,1557,0,'2020-02-19 11:08:54'),(317,1558,0,'2020-02-19 11:08:54'),(318,1559,0,'2020-02-19 11:08:54'),(319,1560,0,'2020-02-19 11:08:54'),(320,1561,0,'2020-02-19 11:08:54'),(321,1562,0,'2020-02-19 11:08:54'),(322,1563,0,'2020-02-19 11:08:54'),(323,1564,0,'2020-02-19 11:08:54'),(324,1565,0,'2020-02-19 11:08:55'),(325,1566,0,'2020-02-19 11:08:55'),(326,1567,0,'2020-02-19 11:08:55'),(327,1568,0,'2020-02-19 11:08:55'),(328,1569,0,'2020-02-19 11:08:55'),(329,1570,0,'2020-02-19 11:08:55'),(330,1571,0,'2020-02-19 11:08:55'),(331,1572,0,'2020-02-19 11:08:55'),(332,1573,0,'2020-02-19 11:08:55'),(333,1574,0,'2020-02-19 11:08:55'),(334,1575,0,'2020-02-19 11:08:55'),(335,1576,0,'2020-02-19 11:08:55'),(336,1577,0,'2020-02-19 11:08:55'),(337,1578,0,'2020-02-19 11:08:55'),(338,1579,0,'2020-02-19 11:08:55'),(339,1580,0,'2020-02-19 11:08:55'),(340,1581,0,'2020-02-19 11:08:55'),(341,1582,0,'2020-02-19 11:08:56'),(342,1583,0,'2020-02-19 11:08:56'),(343,1584,0,'2020-02-19 11:08:56'),(344,1585,0,'2020-02-19 11:08:56'),(345,1586,0,'2020-02-19 11:08:56'),(346,1587,0,'2020-02-19 11:08:56'),(347,1588,0,'2020-02-19 11:08:56'),(348,1589,0,'2020-02-19 11:08:56'),(349,1590,0,'2020-02-19 11:08:56'),(350,1591,0,'2020-02-19 11:08:56'),(351,1592,0,'2020-02-19 11:08:56'),(352,1593,0,'2020-02-19 11:08:56'),(353,1594,0,'2020-02-19 11:08:56'),(354,1595,0,'2020-02-19 11:08:56'),(355,1596,0,'2020-02-19 11:08:56'),(356,1597,0,'2020-02-19 11:08:56'),(357,1598,0,'2020-02-19 11:08:57'),(358,1599,0,'2020-02-19 11:08:57'),(359,1600,0,'2020-02-19 11:08:57'),(360,1601,0,'2020-02-19 11:08:57'),(361,1602,0,'2020-02-19 11:08:57'),(362,1603,0,'2020-02-19 11:08:57'),(363,1604,0,'2020-02-19 11:08:57'),(364,1605,0,'2020-02-19 11:08:57'),(365,1606,0,'2020-02-19 11:08:57'),(366,1607,0,'2020-02-19 11:08:57'),(367,1608,0,'2020-02-19 11:08:57'),(368,1609,0,'2020-02-19 11:08:57'),(369,1610,0,'2020-02-19 11:08:57'),(370,1611,0,'2020-02-19 11:08:57'),(371,1612,0,'2020-02-19 11:08:57'),(372,1613,0,'2020-02-19 11:08:57'),(373,1614,0,'2020-02-19 11:08:57'),(374,1615,0,'2020-02-19 11:08:57'),(375,1616,0,'2020-02-19 11:08:58'),(376,1617,0,'2020-02-19 11:08:58'),(377,1618,0,'2020-02-19 11:08:58'),(378,1619,0,'2020-02-19 11:08:58'),(379,1620,0,'2020-02-19 11:08:58'),(380,1621,0,'2020-02-19 11:08:58'),(381,1622,0,'2020-02-19 11:08:58'),(382,1623,0,'2020-02-19 11:08:58'),(383,1624,0,'2020-02-19 11:08:58'),(384,1625,0,'2020-02-19 11:08:58'),(385,1626,0,'2020-02-19 11:08:58'),(386,1627,0,'2020-02-19 11:08:58'),(387,1628,0,'2020-02-19 11:08:58'),(388,1629,0,'2020-02-19 11:08:58'),(389,1630,0,'2020-02-19 11:08:58'),(390,1631,0,'2020-02-19 11:08:58'),(391,1632,0,'2020-02-19 11:08:59'),(392,1633,0,'2020-02-19 11:08:59'),(393,1634,0,'2020-02-19 11:08:59'),(394,1635,0,'2020-02-19 11:08:59'),(395,1636,0,'2020-02-19 11:08:59'),(396,1637,0,'2020-02-19 11:08:59'),(397,1638,0,'2020-02-19 11:08:59'),(398,1639,0,'2020-02-19 11:08:59'),(399,1640,0,'2020-02-19 11:08:59'),(400,1641,0,'2020-02-19 11:08:59'),(401,1642,0,'2020-02-19 11:08:59'),(402,1643,0,'2020-02-19 11:08:59'),(403,1644,0,'2020-02-19 11:08:59'),(404,1645,0,'2020-02-19 11:08:59'),(405,1646,0,'2020-02-19 11:08:59'),(406,1647,0,'2020-02-19 11:08:59'),(407,1648,0,'2020-02-19 11:08:59'),(408,1649,0,'2020-02-19 11:09:00'),(409,1650,0,'2020-02-19 11:09:00'),(410,1651,0,'2020-02-19 11:09:00'),(411,1652,0,'2020-02-19 11:09:00'),(412,1653,0,'2020-02-19 11:09:00'),(413,1654,0,'2020-02-19 11:09:00'),(414,1655,0,'2020-02-19 11:09:00'),(415,1656,0,'2020-02-19 11:09:00'),(416,1657,0,'2020-02-19 11:09:00'),(417,1658,0,'2020-02-19 11:09:00'),(418,1659,0,'2020-02-19 11:09:00'),(419,1660,0,'2020-02-19 11:09:00'),(420,1661,0,'2020-02-19 11:09:00'),(421,1662,0,'2020-02-19 11:09:00'),(422,1663,0,'2020-02-19 11:09:00'),(423,1664,0,'2020-02-19 11:09:00'),(424,1665,0,'2020-02-19 11:09:01'),(425,1666,0,'2020-02-19 11:09:01'),(426,1667,0,'2020-02-19 11:09:01'),(427,1668,0,'2020-02-19 11:09:01'),(428,1669,0,'2020-02-19 11:09:01'),(429,1670,0,'2020-02-19 11:09:01'),(430,1671,0,'2020-02-19 11:09:01'),(431,1672,0,'2020-02-19 11:09:01'),(432,1673,0,'2020-02-19 11:09:01'),(433,1674,0,'2020-02-19 11:09:01'),(434,1675,0,'2020-02-19 11:09:01'),(435,1676,0,'2020-02-19 11:09:01'),(436,1677,0,'2020-02-19 11:09:01'),(437,1678,0,'2020-02-19 11:09:01'),(438,1679,0,'2020-02-19 11:09:01'),(439,1680,0,'2020-02-19 11:09:01'),(440,1681,0,'2020-02-19 11:09:01'),(441,1682,0,'2020-02-19 11:09:02'),(442,1683,0,'2020-02-19 11:09:02'),(443,1684,0,'2020-02-19 11:09:02'),(444,1685,0,'2020-02-19 11:09:02'),(445,1686,0,'2020-02-19 11:09:02'),(446,1687,0,'2020-02-19 11:09:02'),(447,1688,0,'2020-02-19 11:09:02'),(448,1689,0,'2020-02-19 11:09:02'),(449,1690,0,'2020-02-19 11:09:02'),(450,1691,0,'2020-02-19 11:09:02'),(451,1692,0,'2020-02-19 11:09:02'),(452,1693,0,'2020-02-19 11:09:02'),(453,1694,0,'2020-02-19 11:09:02'),(454,1695,0,'2020-02-19 11:09:02'),(455,1696,0,'2020-02-19 11:09:02'),(456,1697,0,'2020-02-19 11:09:02'),(457,1698,0,'2020-02-19 11:09:02'),(458,1699,0,'2020-02-19 11:09:03'),(459,1700,0,'2020-02-19 11:09:03'),(460,1701,0,'2020-02-19 11:09:03'),(461,1702,0,'2020-02-19 11:09:03'),(462,1703,0,'2020-02-19 11:09:03'),(463,1704,0,'2020-02-19 11:09:03'),(464,1705,0,'2020-02-19 11:09:03'),(465,1706,0,'2020-02-19 11:09:03'),(466,1707,0,'2020-02-19 11:09:03'),(467,1708,0,'2020-02-19 11:09:03'),(468,1709,0,'2020-02-19 11:09:03'),(469,1710,0,'2020-02-19 11:09:03'),(470,1711,0,'2020-02-19 11:09:03'),(471,1712,0,'2020-02-19 11:09:03'),(472,1713,0,'2020-02-19 11:09:03'),(473,1714,0,'2020-02-19 11:09:04'),(474,1715,0,'2020-02-19 11:09:04'),(475,1716,0,'2020-02-19 11:09:04'),(476,1717,0,'2020-02-19 11:09:04'),(477,1718,0,'2020-02-19 11:09:04'),(478,1719,0,'2020-02-19 11:09:04'),(479,1720,0,'2020-02-19 11:09:04'),(480,1721,0,'2020-02-19 11:09:04'),(481,1722,0,'2020-02-19 11:09:04'),(482,1723,0,'2020-02-19 11:09:04'),(483,1724,0,'2020-02-19 11:09:04'),(484,1725,0,'2020-02-19 11:09:04'),(485,1726,0,'2020-02-19 11:09:04'),(486,1727,0,'2020-02-19 11:09:04'),(487,1728,0,'2020-02-19 11:09:04'),(488,1729,0,'2020-02-19 11:09:04'),(489,1730,0,'2020-02-19 11:09:04'),(490,1731,0,'2020-02-19 11:09:05'),(491,1732,0,'2020-02-19 11:09:05'),(492,1733,0,'2020-02-19 11:09:05'),(493,1734,0,'2020-02-19 11:09:05'),(494,1735,0,'2020-02-19 11:09:05'),(495,1736,0,'2020-02-19 11:09:05'),(496,1737,0,'2020-02-19 11:09:05'),(497,1738,0,'2020-02-19 11:09:05'),(498,1739,0,'2020-02-19 11:09:05'),(499,1740,0,'2020-02-19 11:09:05'),(500,1741,0,'2020-02-19 11:09:05'),(501,1742,0,'2020-02-19 11:09:05'),(502,1743,0,'2020-02-19 11:09:05'),(503,1744,0,'2020-02-19 11:09:05'),(504,1745,0,'2020-02-19 11:09:05'),(505,1746,0,'2020-02-19 11:09:05'),(506,1747,0,'2020-02-19 11:09:06'),(507,1748,0,'2020-02-19 11:09:06'),(508,1749,0,'2020-02-19 11:09:06'),(509,1750,0,'2020-02-19 11:09:06'),(510,1751,0,'2020-02-19 11:09:06'),(511,1752,0,'2020-02-19 11:09:06'),(512,1753,0,'2020-02-19 11:09:06'),(513,1754,0,'2020-02-19 11:09:06'),(514,1755,0,'2020-02-19 11:09:06'),(515,1756,0,'2020-02-19 11:09:06'),(516,1757,0,'2020-02-19 11:09:06'),(517,1758,0,'2020-02-19 11:09:06'),(518,1759,0,'2020-02-19 11:09:06'),(519,1760,0,'2020-02-19 11:09:06'),(520,1761,0,'2020-02-19 11:09:06'),(521,1762,0,'2020-02-19 11:09:06'),(522,1763,0,'2020-02-19 11:09:07'),(523,1764,0,'2020-02-19 11:09:07'),(524,1765,0,'2020-02-19 11:09:07'),(525,1766,0,'2020-02-19 11:09:07'),(526,1767,0,'2020-02-19 11:09:07'),(527,1768,0,'2020-02-19 11:09:07'),(528,1769,0,'2020-02-19 11:09:07'),(529,1770,0,'2020-02-19 11:09:07'),(530,1771,0,'2020-02-19 11:09:07'),(531,1772,0,'2020-02-19 11:09:07'),(532,1773,0,'2020-02-19 11:09:07'),(533,1774,0,'2020-02-19 11:09:07'),(534,1775,0,'2020-02-19 11:09:07'),(535,1776,0,'2020-02-19 11:09:08'),(536,1777,0,'2020-02-19 11:09:08'),(537,1778,0,'2020-02-19 11:09:08'),(538,1779,0,'2020-02-19 11:09:08'),(539,1780,0,'2020-02-19 11:09:08'),(540,1781,0,'2020-02-19 11:09:08'),(541,1782,0,'2020-02-19 11:09:08'),(542,1783,0,'2020-02-19 11:09:08'),(543,1784,0,'2020-02-19 11:09:08'),(544,1785,0,'2020-02-19 11:09:08'),(545,1786,0,'2020-02-19 11:09:08'),(546,1787,0,'2020-02-19 11:09:08'),(547,1788,0,'2020-02-19 11:09:08'),(548,1789,0,'2020-02-19 11:09:08'),(549,1790,0,'2020-02-19 11:09:08'),(550,1791,0,'2020-02-19 11:09:08'),(551,1792,0,'2020-02-19 11:09:08'),(552,1793,0,'2020-02-19 11:09:09'),(553,1794,0,'2020-02-19 11:09:09'),(554,1795,0,'2020-02-19 11:09:09'),(555,1796,0,'2020-02-19 11:09:09'),(556,1797,0,'2020-02-19 11:09:09'),(557,1798,0,'2020-02-19 11:09:09'),(558,1799,0,'2020-02-19 11:09:09'),(559,1800,0,'2020-02-19 11:09:09'),(560,1801,0,'2020-02-19 11:09:09'),(561,1802,0,'2020-02-19 11:09:09'),(562,1803,0,'2020-02-19 11:09:09'),(563,1804,0,'2020-02-19 11:09:09'),(564,1805,0,'2020-02-19 11:09:09'),(565,1806,0,'2020-02-19 11:09:09'),(566,1807,0,'2020-02-19 11:09:09'),(567,1808,0,'2020-02-19 11:09:09'),(568,1809,0,'2020-02-19 11:09:10'),(569,1810,0,'2020-02-19 11:09:10'),(570,1811,0,'2020-02-19 11:09:10'),(571,1812,0,'2020-02-19 11:09:10'),(572,1813,0,'2020-02-19 11:09:10'),(573,1814,0,'2020-02-19 11:09:10'),(574,1815,0,'2020-02-19 11:09:10'),(575,1816,0,'2020-02-19 11:09:10'),(576,1817,0,'2020-02-19 11:09:10'),(577,1818,0,'2020-02-19 11:09:10'),(578,1819,0,'2020-02-19 11:09:10'),(579,1820,0,'2020-02-19 11:09:10'),(580,1821,0,'2020-02-19 11:09:10'),(581,1822,0,'2020-02-19 11:09:10'),(582,1823,0,'2020-02-19 11:09:10'),(583,1824,0,'2020-02-19 11:09:10'),(584,1825,0,'2020-02-19 11:09:10'),(585,1826,0,'2020-02-19 11:09:10'),(586,1827,0,'2020-02-19 11:09:11'),(587,1828,0,'2020-02-19 11:09:11'),(588,1829,0,'2020-02-19 11:09:11'),(589,1830,0,'2020-02-19 11:09:11'),(590,1831,0,'2020-02-19 11:09:11'),(591,1832,0,'2020-02-19 11:09:11'),(592,1833,0,'2020-02-19 11:09:11'),(593,1834,0,'2020-02-19 11:09:11'),(594,1835,0,'2020-02-19 11:09:11'),(595,1836,0,'2020-02-19 11:09:11'),(596,1837,0,'2020-02-19 11:09:11'),(597,1838,0,'2020-02-19 11:09:11'),(598,1839,0,'2020-02-19 11:09:11'),(599,1840,0,'2020-02-19 11:09:11'),(600,1841,0,'2020-02-19 11:09:11'),(601,1842,0,'2020-02-19 11:09:11'),(602,1843,0,'2020-02-19 11:09:11'),(603,1844,0,'2020-02-19 11:09:12'),(604,1845,0,'2020-02-19 11:09:12'),(605,1846,0,'2020-02-19 11:09:12'),(606,1847,0,'2020-02-19 11:09:12'),(607,1848,0,'2020-02-19 11:09:12'),(608,1849,0,'2020-02-19 11:09:12'),(609,1850,0,'2020-02-19 11:09:12'),(610,1851,0,'2020-02-19 11:09:12'),(611,1852,0,'2020-02-19 11:09:12'),(612,1853,0,'2020-02-19 11:09:12'),(613,1854,0,'2020-02-19 11:14:43'),(614,1855,0,'2020-02-19 11:14:43'),(615,1856,0,'2020-02-19 11:14:43'),(616,1857,0,'2020-02-19 11:18:09'),(617,1402,150,'2020-03-01 13:43:33'),(618,1858,0,'2020-02-19 12:29:57'),(619,1859,0,'2020-02-19 12:29:57'),(620,1860,0,'2020-02-19 12:29:57'),(621,1861,0,'2020-02-19 12:29:58'),(622,1862,0,'2020-02-19 12:29:58'),(623,1863,0,'2020-02-19 12:29:58'),(624,1864,0,'2020-02-19 12:29:58'),(625,1865,0,'2020-02-19 12:29:58'),(626,1866,0,'2020-02-19 12:29:58'),(627,1867,0,'2020-02-19 12:29:58'),(628,1868,0,'2020-02-19 12:29:58'),(629,1869,0,'2020-02-19 12:29:58'),(630,1870,0,'2020-02-19 12:29:58'),(631,1871,0,'2020-02-19 12:29:58'),(632,1872,0,'2020-02-19 12:29:58'),(633,1873,0,'2020-02-19 12:29:59'),(634,1874,0,'2020-02-19 12:29:59'),(635,1875,0,'2020-02-19 12:29:59'),(636,1876,0,'2020-02-19 12:29:59'),(637,1877,0,'2020-02-19 12:29:59'),(638,1878,0,'2020-02-19 12:29:59'),(639,1879,0,'2020-02-19 12:29:59'),(640,1880,0,'2020-02-19 12:29:59'),(641,1881,0,'2020-02-19 12:29:59'),(642,1882,0,'2020-02-19 12:29:59'),(643,1883,0,'2020-02-19 12:29:59'),(644,1884,0,'2020-02-19 12:30:00'),(645,1885,0,'2020-02-19 12:30:00'),(646,1886,0,'2020-02-19 12:30:00'),(647,1887,0,'2020-02-19 12:30:00'),(648,1888,0,'2020-02-19 12:30:00'),(649,1889,0,'2020-02-19 12:30:00'),(650,1890,0,'2020-02-19 12:30:00'),(651,1891,0,'2020-02-19 12:30:00'),(652,1892,0,'2020-02-19 12:30:00'),(653,1893,0,'2020-02-19 12:30:00'),(654,1894,0,'2020-02-19 12:30:00'),(655,1895,0,'2020-02-19 12:30:00'),(656,1896,0,'2020-02-19 12:30:01'),(657,1897,0,'2020-02-19 12:30:01'),(658,1898,0,'2020-02-19 12:30:01'),(659,1899,0,'2020-02-19 12:30:01'),(660,1900,0,'2020-02-19 12:30:01'),(661,1901,0,'2020-02-19 12:30:01'),(662,1902,0,'2020-02-19 12:30:01'),(663,1903,0,'2020-02-19 12:30:01'),(664,1904,0,'2020-02-19 12:30:01'),(665,1905,0,'2020-02-19 12:30:01'),(666,1906,0,'2020-02-19 12:30:01'),(667,1907,0,'2020-02-19 12:30:01'),(668,1908,0,'2020-02-19 12:30:02'),(669,1909,0,'2020-02-19 12:30:02'),(670,1910,0,'2020-02-19 12:30:02'),(671,1911,0,'2020-02-19 12:30:02'),(672,1912,0,'2020-02-19 12:30:02'),(673,1913,0,'2020-02-19 12:30:02'),(674,1914,0,'2020-02-19 12:30:02'),(675,1915,0,'2020-02-19 12:30:02'),(676,1916,0,'2020-02-19 12:30:02'),(677,1917,0,'2020-02-19 12:30:02'),(678,1918,0,'2020-02-19 12:30:02'),(679,1919,0,'2020-02-19 12:30:02'),(680,1920,0,'2020-02-19 12:30:03'),(681,1921,0,'2020-02-19 12:30:03'),(682,1922,0,'2020-02-19 12:30:03'),(683,1923,0,'2020-02-19 12:30:03'),(684,1924,0,'2020-02-19 12:30:03'),(685,1925,0,'2020-02-19 12:30:03'),(686,1926,0,'2020-02-19 12:30:03'),(687,1927,0,'2020-02-19 12:30:03'),(688,1928,0,'2020-02-19 12:30:03'),(689,1929,0,'2020-02-19 12:30:03'),(690,1930,0,'2020-02-19 12:30:03'),(691,1931,0,'2020-02-19 12:30:03'),(692,1932,0,'2020-02-19 12:30:04'),(693,1933,0,'2020-02-19 12:30:04'),(694,1934,0,'2020-02-19 12:30:04'),(695,1935,0,'2020-02-19 12:30:04'),(696,1936,0,'2020-02-19 12:30:04'),(697,1937,0,'2020-02-19 12:30:04'),(698,1938,0,'2020-02-19 12:30:04'),(699,1939,0,'2020-02-19 12:30:04'),(700,1940,0,'2020-02-19 12:30:04'),(701,1941,0,'2020-02-19 12:30:04'),(702,1942,0,'2020-02-19 12:30:04'),(703,1943,0,'2020-02-19 12:30:04'),(704,1944,0,'2020-02-19 12:30:05'),(705,1945,0,'2020-02-19 12:30:05'),(706,1946,0,'2020-02-19 12:30:05'),(707,1947,0,'2020-02-19 12:30:05'),(708,1948,0,'2020-02-19 12:30:05'),(709,1949,0,'2020-02-19 12:30:05'),(710,1950,0,'2020-02-19 12:30:05'),(711,1951,0,'2020-02-19 12:30:05'),(712,1952,0,'2020-02-19 12:30:05'),(713,1953,0,'2020-02-19 12:30:05'),(714,1954,0,'2020-02-19 12:30:05'),(715,1955,0,'2020-02-19 12:30:05'),(716,1956,0,'2020-02-19 12:30:06'),(717,1957,0,'2020-02-19 12:30:06'),(718,1958,0,'2020-02-19 12:30:06'),(719,1959,0,'2020-02-19 12:30:06'),(720,1960,0,'2020-02-19 12:30:06'),(721,1961,0,'2020-02-19 12:30:06'),(722,1962,0,'2020-02-19 12:30:06'),(723,1963,0,'2020-02-19 12:30:06'),(724,1964,0,'2020-02-19 12:30:06'),(725,1965,0,'2020-02-19 12:30:06'),(726,1966,0,'2020-02-19 12:30:06'),(727,1967,0,'2020-02-19 12:30:07'),(728,1968,0,'2020-02-19 12:30:07'),(729,1969,0,'2020-02-19 12:30:07'),(730,1970,0,'2020-02-19 12:30:07'),(731,1971,0,'2020-02-19 12:30:07'),(732,1972,0,'2020-02-19 12:30:07'),(733,1973,0,'2020-02-19 12:30:07'),(734,1974,0,'2020-02-19 12:30:07'),(735,1975,0,'2020-02-19 12:30:07'),(736,1976,0,'2020-02-19 12:30:07'),(737,1977,0,'2020-02-19 12:30:07'),(738,1978,0,'2020-02-19 12:30:08'),(739,1979,0,'2020-02-19 12:30:08'),(740,1980,0,'2020-02-19 12:30:08'),(741,1981,0,'2020-02-19 12:30:08'),(742,1982,0,'2020-02-19 12:30:08'),(743,1983,0,'2020-02-19 12:30:08'),(744,1984,0,'2020-02-19 12:30:08'),(745,1985,0,'2020-02-19 12:30:08'),(746,1986,0,'2020-02-19 12:30:08'),(747,1987,0,'2020-02-19 12:30:08'),(748,1988,0,'2020-02-19 12:30:09'),(749,1989,0,'2020-02-19 12:30:09'),(750,1990,0,'2020-02-19 12:30:09'),(751,1991,0,'2020-02-19 12:30:09'),(752,1992,0,'2020-02-19 12:30:09'),(753,1993,0,'2020-02-19 12:30:09'),(754,1994,0,'2020-02-19 12:30:09'),(755,1995,0,'2020-02-19 12:30:09'),(756,1996,0,'2020-02-19 12:30:09'),(757,1997,0,'2020-02-19 12:30:09'),(758,1998,0,'2020-02-19 12:30:09'),(759,1999,0,'2020-02-19 12:30:09'),(760,2000,0,'2020-02-19 12:30:10'),(761,2001,0,'2020-02-19 12:30:10'),(762,2002,0,'2020-02-19 12:30:10'),(763,2003,0,'2020-02-19 12:30:10'),(764,2004,0,'2020-02-19 12:30:10'),(765,2005,0,'2020-02-19 12:30:10'),(766,2006,0,'2020-02-19 12:30:10'),(767,2007,0,'2020-02-19 12:30:10'),(768,2008,0,'2020-02-19 12:30:10'),(769,2009,0,'2020-02-19 12:30:10'),(770,2010,0,'2020-02-19 12:30:10'),(771,2011,0,'2020-02-19 12:30:10'),(772,2012,0,'2020-02-19 12:30:11'),(773,2013,0,'2020-02-19 12:30:11'),(774,2014,0,'2020-02-19 12:30:11'),(775,2015,0,'2020-02-19 12:30:11'),(776,2016,0,'2020-02-19 12:30:11'),(777,2017,0,'2020-02-19 12:30:11'),(778,2018,0,'2020-02-19 12:30:11'),(779,2019,0,'2020-02-19 12:30:11'),(780,2020,0,'2020-02-19 12:30:11'),(781,2021,0,'2020-02-19 12:30:11'),(782,2022,0,'2020-02-19 12:30:11'),(783,2023,0,'2020-02-19 12:30:11'),(784,2024,0,'2020-02-19 12:30:12'),(785,2025,0,'2020-02-19 12:30:12'),(786,2026,0,'2020-02-19 12:30:12'),(787,2027,0,'2020-02-19 12:30:12'),(788,2028,0,'2020-02-19 12:30:12'),(789,2029,0,'2020-02-19 12:30:12'),(790,2030,0,'2020-02-19 12:30:12'),(791,2031,0,'2020-02-19 12:30:12'),(792,2032,0,'2020-02-19 12:30:12'),(793,2033,0,'2020-02-19 12:30:12'),(794,2034,0,'2020-02-19 12:30:12'),(795,2035,0,'2020-02-19 12:30:13'),(796,2036,0,'2020-02-19 12:30:13'),(797,2037,0,'2020-02-19 12:30:13'),(798,2038,0,'2020-02-19 12:30:13'),(799,2039,0,'2020-02-19 12:30:13'),(800,2040,0,'2020-02-19 12:30:13'),(801,2041,0,'2020-02-19 12:30:13'),(802,2042,80,'2020-02-26 03:39:46'),(803,2043,0,'2020-02-26 04:00:06'),(804,2044,20,'2020-02-26 04:08:41'),(805,2045,0,'2020-02-27 12:19:50'),(806,2046,0,'2020-02-27 13:01:39'),(807,2047,200,'2020-03-20 12:04:19'),(808,2048,600,'2020-03-20 16:18:29'),(809,2049,20,'2020-02-29 15:42:46'),(810,2051,1011,'2020-02-29 20:20:46'),(811,2052,40,'2020-03-18 18:29:17'),(812,2053,0,'2020-03-18 18:05:19'),(814,2056,900,'2020-03-24 09:03:08'),(815,2057,40,'2020-04-02 09:15:49'),(816,2059,2993,'2020-09-17 12:18:52'),(817,2060,0,'2020-04-07 12:57:57'),(818,2061,0,'2020-04-07 13:06:03'),(819,2062,0,'2020-04-07 13:12:14'),(820,2063,0,'2020-04-07 13:42:10'),(821,2064,0,'2020-04-10 13:14:27'),(822,2065,0,'2020-04-10 13:15:54'),(823,2066,0,'2020-04-10 13:15:54'),(824,2067,0,'2020-04-10 14:40:48'),(825,2068,20,'2020-04-10 17:45:29'),(826,2069,80,'2020-04-11 14:42:03'),(827,2070,120,'2020-04-12 07:19:51'),(828,2071,141,'2020-04-13 21:05:30'),(829,2072,20,'2020-04-13 19:47:32'),(830,2073,141,'2020-04-15 13:56:06'),(831,2074,20,'2020-04-23 07:15:53'),(833,2076,0,'2020-05-04 02:21:12'),(835,2079,20,'2020-05-04 08:06:14'),(836,2080,20,'2020-05-04 08:17:58'),(837,2081,20,'2020-05-04 08:21:50'),(838,2082,20,'2020-05-04 09:02:19'),(841,2085,20,'2020-05-04 20:08:25'),(842,2098,100,'2020-05-13 04:01:57'),(843,2106,100,'2020-05-13 04:19:12'),(844,2107,100,'2020-05-13 04:20:05'),(845,2108,100,'2020-05-13 04:25:41'),(846,2109,100,'2020-05-13 04:32:19'),(847,2086,211,'2020-05-18 11:27:26'),(848,2120,0,'2020-06-09 02:19:43'),(849,2121,0,'2020-06-09 02:20:50'),(850,2122,0,'2020-06-09 02:23:22'),(851,2126,221,'2020-06-10 08:11:49'),(852,2127,221,'2020-06-10 11:03:14'),(872,2128,1400,'2020-06-12 07:54:13'),(873,2146,0,'2020-06-12 05:41:02'),(874,2147,0,'2020-06-12 05:41:02'),(875,2148,0,'2020-06-12 05:41:02'),(876,2149,0,'2020-06-12 05:41:03'),(877,2150,0,'2020-06-12 05:41:03'),(878,2151,0,'2020-06-12 05:41:03'),(879,2152,0,'2020-06-12 05:41:03'),(880,2153,0,'2020-06-12 05:41:04'),(881,2154,0,'2020-06-12 05:41:04'),(882,2155,0,'2020-06-12 05:41:04'),(883,2156,0,'2020-06-12 05:41:04'),(884,2157,0,'2020-06-12 05:41:04'),(885,2158,0,'2020-06-12 05:41:05'),(886,2159,0,'2020-06-12 05:41:05'),(887,2160,0,'2020-06-15 02:54:07'),(888,2162,21,'2020-07-21 08:52:01'),(889,2163,0,'2020-08-12 08:32:54');
/*!40000 ALTER TABLE `points` ENABLE KEYS */;
UNLOCK TABLES;

--
-- Table structure for table `referral_popup_setting`
--

DROP TABLE IF EXISTS `referral_popup_setting`;
/*!40101 SET @saved_cs_client     = @@character_set_client */;
/*!40101 SET character_set_client = utf8 */;
CREATE TABLE `referral_popup_setting` (
  `id` int(10) unsigned NOT NULL AUTO_INCREMENT,
  `campaign_id` int(11) DEFAULT NULL,
  `camp_id` int(11) DEFAULT NULL,
  `heading` text,
  `sub_heading` text,
  `image` varchar(500) DEFAULT NULL,
  `allow_discount` tinyint(4) NOT NULL DEFAULT '1',
  `button_text` varchar(255) DEFAULT NULL,
  `button_link` varchar(255) DEFAULT NULL,
  `discount_code` varchar(200) DEFAULT NULL,
  `discount_type` enum('single','multiple') DEFAULT 'single',
  `registration_page_url` varchar(255) DEFAULT NULL,
  PRIMARY KEY (`id`)
) ENGINE=InnoDB AUTO_INCREMENT=66 DEFAULT CHARSET=latin1;
/*!40101 SET character_set_client = @saved_cs_client */;

--
-- Dumping data for table `referral_popup_setting`
--

LOCK TABLES `referral_popup_setting` WRITE;
/*!40000 ALTER TABLE `referral_popup_setting` DISABLE KEYS */;
INSERT INTO `referral_popup_setting` VALUES (2,16,8,'YOU HAVE BEEN REFERRED BY','Enter your name and email to receive a welcome gift upon registration',NULL,1,NULL,NULL,NULL,'single',NULL),(11,19,11,'YOU HAVE BEEN REFERRED','Enter your name and email to receive a welcome gift upon registration',NULL,1,NULL,NULL,'CampTree2020','single',NULL),(15,18,10,'YOU HAVE BEEN REFERRED BY %customer_name text','Enter your name and email to receive a welcome gift upon registration text','uploads/Screenshot_from_2020-04-12_00-06-19.png',1,'','https://orbiqon.com','CampTree2021','single','https://www.javascripttutorial.net/javascript-dom/javascript-getelementbyid/'),(16,20,10,'YOU HAVE BEEN REFERRED BY','Enter your name and email to receive a welcome gift upon registration','uploads/Screenshot_from_2020-04-12_00-06-19.png',1,NULL,NULL,NULL,'single',NULL),(17,21,10,'YOU HAVE BEEN REFERRED BY','Enter your name and email to receive a welcome gift upon registration','uploads/Screenshot_from_2020-04-12_00-06-19.png',1,NULL,NULL,NULL,'single',NULL),(20,30,10,'update','update','uploads/Screenshot_from_2020-04-12_00-06-19.png',0,'New Text','https://google.com',NULL,'single',NULL),(22,32,10,'YOU HAVE BEEN REFERRED BY','Enter your name and email to receive a welcome gift upon registration','uploads/Screenshot_from_2020-04-12_00-06-19.png',1,NULL,NULL,NULL,'single',NULL),(23,33,10,'YOU HAVE BEEN REFERRED BY %customer_name','Enter your name and email to receive a welcome gift upon registration','uploads/Screenshot_from_2020-04-12_00-06-19.png',1,'','','KhanSS','single',NULL),(25,35,12,'YOU HAVE BEEN REFERRED BY %customer_name','Enter your name and email to receive a welcome gift upon registration',NULL,1,NULL,NULL,NULL,'single',NULL),(26,36,13,'YOU HAVE BEEN REFERRED BY %customer_name','Enter your name and email to receive a welcome gift upon registration',NULL,1,NULL,NULL,'CampTree2020','single',NULL),(27,37,14,'YOU HAVE BEEN REFERRED BY %customer_name','Enter your name and email to receive a welcome gift upon registration',NULL,1,NULL,NULL,'CampTree2020','single',NULL),(28,38,15,'YOU HAVE BEEN REFERRED BY %customer_name','Enter your name and email to receive a welcome gift upon registration',NULL,1,NULL,NULL,'CampTree2020','single',NULL),(29,39,16,'YOU HAVE BEEN REFERRED BY %customer_name','Enter your name and email to receive a welcome gift upon registration',NULL,1,NULL,NULL,'CampTree2020','single',NULL),(30,40,17,'YOU HAVE BEEN REFERRED BY %customer_name','Enter your name and email to receive a welcome gift upon registration',NULL,1,NULL,NULL,'CampTree2020','single',NULL),(31,41,17,'YOU HAVE BEEN REFERRED BY','Enter your name and email to receive a welcome gift upon registration',NULL,1,NULL,NULL,NULL,'single',NULL),(32,42,18,'YOU HAVE BEEN REFERRED BY %customer_name','Enter your name and email to receive a welcome gift upon registration',NULL,1,NULL,NULL,'CampTree2020','single',NULL),(35,45,18,'YOU HAVE BEEN REFERRED BY %customer_name','Enter your name and email to receive a welcome gift upon registration',NULL,1,NULL,NULL,NULL,'single',NULL),(36,46,10,'YOU HAVE BEEN REFERRED BY %customer_name','Enter your name and email to receive a welcome gift upon registration','uploads/Screenshot_from_2020-04-12_00-06-19.png',1,NULL,NULL,NULL,'single',NULL),(37,47,10,'YOU HAVE BEEN REFERRED BY %customer_name','Enter your name and email to receive a welcome gift upon registration',NULL,1,NULL,NULL,NULL,'single',NULL),(39,49,10,'YOU HAVE BEEN REFERRED BY %customer_name','Enter your name and email to receive a welcome gift upon registration',NULL,1,NULL,NULL,NULL,'single',NULL),(41,51,6,'YOU HAVE BEEN REFERRED BY %customer_name','Enter your name and email to receive a welcome gift upon registration',NULL,1,NULL,NULL,NULL,'single',NULL),(42,52,6,'YOU HAVE BEEN REFERRED BY %customer_name','Enter your name and email to receive a welcome gift upon registration',NULL,1,NULL,NULL,NULL,'single',NULL),(43,53,6,'YOU HAVE BEEN REFERRED BY %customer_name','Enter your name and email to receive a welcome gift upon registration',NULL,1,NULL,NULL,NULL,'single',NULL),(44,54,6,'YOU HAVE BEEN REFERRED BY %customer_name','Enter your name and email to receive a welcome gift upon registration',NULL,1,NULL,NULL,NULL,'single',NULL),(48,59,6,'YOU HAVE BEEN REFERRED BY','Enter your name and email to receive a welcome gift upon registration','uploads/Screenshot_from_2020-04-12_00-06-19.png',1,NULL,NULL,NULL,'single',NULL),(49,60,10,'YOU HAVE BEEN REFERRED BY %customer_name','Enter your name and email to receive a welcome gift upon registration',NULL,1,NULL,NULL,NULL,'single',NULL),(50,61,10,'YOU HAVE BEEN REFERRED BY %customer_name','Enter your name and email to receive a welcome gift upon registration',NULL,1,NULL,NULL,NULL,'single',NULL),(51,62,10,'YOU HAVE BEEN REFERRED BY %customer_name','Enter your name and email to receive a welcome gift upon registration',NULL,1,NULL,NULL,NULL,'single',NULL),(52,63,10,'YOU HAVE BEEN REFERRED BY','Enter your name and email to receive a welcome gift upon registration','uploads/Screenshot_from_2020-04-12_00-06-19.png',1,NULL,NULL,NULL,'single',NULL),(53,64,10,'YOU HAVE BEEN REFERRED BY','Enter your name and email to receive a welcome gift upon registration','uploads/Screenshot_from_2020-04-12_00-06-19.png',1,NULL,NULL,NULL,'single',NULL),(54,65,23,'YOU HAVE BEEN REFERRED BY %customer_name','Enter your name and email to receive a welcome gift upon registration',NULL,1,NULL,NULL,'CampTree2020','single',NULL),(55,66,24,'YOU HAVE BEEN REFERRED BY %customer_name','Enter your name and email to receive a welcome gift upon registration',NULL,1,NULL,NULL,'CampTree2020','single',NULL),(56,67,25,'YOU HAVE BEEN REFERRED BY %customer_name','Enter your name and email to receive a welcome gift upon registration',NULL,1,NULL,NULL,'CampTree2020','single',NULL),(57,68,26,'YOU HAVE BEEN REFERRED BY %customer_name','Enter your name and email to receive a welcome gift upon registration',NULL,1,NULL,NULL,'CampTree2020','single',NULL),(58,69,27,'YOU HAVE BEEN REFERRED BY %customer_name','Enter your name and email to receive a welcome gift upon registration',NULL,1,NULL,NULL,'CampTree2020','single',NULL),(59,70,10,'YOU HAVE BEEN REFERRED BY %customer_name','Enter your name and email to receive a welcome gift upon registration',NULL,1,NULL,NULL,NULL,'single',NULL),(60,71,10,'YOU HAVE BEEN REFERRED BY %customer_name','Enter your name and email to receive a welcome gift upon registration',NULL,1,NULL,NULL,NULL,'single',NULL),(62,77,10,'YOU HAVE BEEN REFERRED BY %customer_name text','Enter your name and email to receive a welcome gift upon registration text','uploads/Screenshot_from_2020-04-12_00-06-19.png',1,'','https://orbiqon.com','CampTree2021','single',NULL),(63,78,10,'YOU HAVE BEEN REFERRED BY %customer_name','Enter your name and email to receive a welcome gift upon registration',NULL,1,NULL,NULL,NULL,'single',NULL),(64,79,10,'YOU HAVE BEEN REFERRED BY %customer_name','Enter your name and email to receive a welcome gift upon registration',NULL,1,NULL,NULL,NULL,'single',NULL),(65,80,10,'YOU HAVE BEEN REFERRED BY %customer_name text','Enter your name and email to receive a welcome gift upon registration text','uploads/Screenshot_from_2020-04-12_00-06-19.png',1,'','https://orbiqon.com','CampTree2021','single',NULL);
/*!40000 ALTER TABLE `referral_popup_setting` ENABLE KEYS */;
UNLOCK TABLES;

--
-- Table structure for table `referrals`
--

DROP TABLE IF EXISTS `referrals`;
/*!40101 SET @saved_cs_client     = @@character_set_client */;
/*!40101 SET character_set_client = utf8 */;
CREATE TABLE `referrals` (
  `id` int(11) NOT NULL AUTO_INCREMENT,
  `customer_id` int(11) NOT NULL,
  `campaign_id` int(11) DEFAULT NULL,
  `camp_id` int(11) NOT NULL,
  `name` varchar(50) DEFAULT NULL,
  `email` varchar(50) DEFAULT NULL,
  `approve` int(11) NOT NULL DEFAULT '0',
  `created_at` date DEFAULT NULL,
  PRIMARY KEY (`id`)
) ENGINE=InnoDB AUTO_INCREMENT=134 DEFAULT CHARSET=latin1;
/*!40101 SET character_set_client = @saved_cs_client */;

--
-- Dumping data for table `referrals`
--

LOCK TABLES `referrals` WRITE;
/*!40000 ALTER TABLE `referrals` DISABLE KEYS */;
INSERT INTO `referrals` VALUES (8,1398,18,10,'Shazim Khan','referral1@gmail.com',0,'2019-10-26'),(9,1398,18,10,'Shazim Khan','referral2@gmail.com',1,'2019-10-26'),(10,1398,18,10,'Shazim Khan','referral3@gmail.com',1,'2019-10-26'),(11,1398,18,10,'Shazim Khan','referral4@gmail.com',1,'2019-10-26'),(12,1398,18,10,'Shazim Khan','referral5@gmail.com',1,'2019-10-26'),(13,1398,18,10,'Shazim Khan','referral6@gmail.com',1,'2019-10-26'),(27,2054,18,10,'iamshazimkhan+seemal@gmail.com','Seemal Afza',1,'2020-03-19'),(28,2054,18,10,'iamshazimkhan+jon@gmail.com','Jon Snow',1,'2020-03-19'),(29,2047,18,10,'iamshazimkhan+k1@gmail.com','Khan Acad',1,'2020-03-19'),(30,2054,18,10,'shazimkhan107+js2@gmail.com','Shazim Khan',1,'2020-03-20'),(31,2047,18,10,'iamshazimkhan+albert@gmail.com','Albert',1,'2020-03-20'),(32,2048,18,10,'iamshazimkhan+alb@gmail.com','Albert11',1,'2020-03-20'),(33,2048,18,10,'iamshazimkhan+jonny@gmail.com','Jony',1,'2020-03-20'),(34,2048,18,10,'iamshazimkhan+jj1@gmail.com','Shazim Khan',1,'2020-03-20'),(35,2048,18,10,'iamshazimkhan+jj3@gmail.com','Jonn',1,'2020-03-20'),(36,2048,18,10,'Shazim Khan','shazimkhan107+camp@gmail.com',1,'2020-03-20'),(37,2048,18,10,'ABC User','iamshazimkhan+abcuser@gmail.com',1,'2020-03-20'),(38,2055,18,10,'Shazim Test','iamshazimkhan+st1@gmail.com',1,'2020-03-22'),(39,2056,18,10,'Test 1','iamshazimkhan+t1@gmail.com',1,'2020-03-24'),(40,2056,18,10,'Test 2','iamshazimkhan+test2@gmail.com',1,'2020-03-24'),(41,2056,18,10,'Test 3','iamshazimkhan+test3@gmail.com',1,'2020-03-24'),(42,2056,18,10,'test 4','iamshazimkhan+test4@gmail.com',1,'2020-03-24'),(43,2056,18,10,'Test 5','iamshazimkhan+test5@gmail.com',1,'2020-03-24'),(44,2056,18,10,'test 6','iamshazimkhan+test6@gmail.com',1,'2020-03-24'),(48,2070,18,10,'Shazim T4','iamshazimkhan+t4@gmail.com',1,'2020-04-12'),(50,2059,18,10,'bamsi','iamshazimkhan+bamsi1@gmail.com',1,'2020-04-13'),(51,2059,18,10,'Bamsi2','iamshazimkhan+bamsi2@gmail.com',1,'2020-04-13'),(52,2059,18,10,'Shazim T9','iamshazimkhan+t9@gmail.com',1,'2020-04-15'),(53,2059,18,10,'Shazim T10','iamshazimkhan+t10@gmail.com',1,'2020-04-15'),(54,2059,18,10,'Shazim T11','iamshazimkhan+t11@gmail.com',1,'2020-04-15'),(55,2073,18,10,'Shazim T12','iamshazimkhan+t12@gmail.com',1,'2020-04-15'),(56,2059,18,10,'Shazim T13','iamshazimkhan+t13@gmail.com',1,'2020-04-15'),(57,2059,18,10,'Shazim T14','iamshazimkhan+t14@gmail.com',1,'2020-04-15'),(58,2059,18,10,'Shazim Khan','iamshazimkhan+t16@gmail.com',1,'2020-04-21'),(59,2059,18,10,'Shazim Khan','iamshazimkhan+t17@gmail.com',1,'2020-04-21'),(60,2059,18,10,'Shazim Khan','iamshazimkhan+t18@gmail.com',1,'2020-04-21'),(61,2059,18,10,'Shazim Khan','iamshazimkhan+t19@gmail.com',1,'2020-04-21'),(62,2059,18,10,'Shazim Khan','iamshazimkhan+t20@gmail.com',1,'2020-04-21'),(63,2059,18,10,'Shazim Khan','iamshazimkhan+t21@gmail.com',1,'2020-04-21'),(64,2059,18,10,'Shazim Khan','iamshazimkhan+t22@gmail.com',1,'2020-04-21'),(65,2059,18,10,'Shazim Khan','iamshazimkhan+t23@gmail.com',1,'2020-04-21'),(66,2059,18,10,'Shazim Khan','iamshazimkhan+t24@gmail.com',1,'2020-04-21'),(67,2059,18,10,'Shazim Khan','iamshazimkhan+t25@gmail.com',1,'2020-04-21'),(68,2059,18,10,'Shazim Khan','iamshazimkhan+t26@gmail.com',1,'2020-04-21'),(69,2059,18,10,'Shazim Khan','iamshazimkhan+t27@gmail.com',1,'2020-04-21'),(70,2059,18,10,'Shazim Khan','iamshazimkhan+t30@gmail.com',1,'2020-04-21'),(71,2059,18,10,'Shazim Khan','yasiramjad77+1@gmail.com',1,'2020-04-21'),(72,2059,18,10,'Shazim Khan','yasiramjad77@gmail.com',1,'2020-04-21'),(73,2059,18,10,'Yasir Amjad','yasiramjad77@gmail.com',1,'2020-04-21'),(74,2059,18,10,'Shazim Khan','iamshazimkhan+t35@gmail.com',1,'2020-04-21'),(75,2059,18,10,'Shazim Khan','iamshazimkhan+t37@gmail.com',1,'2020-04-21'),(81,2126,18,10,'Ali Ahmed','yasiramjad101+14@gmail.com',0,'2020-06-10'),(82,2126,18,10,'Ali Ahmed','yasiramjad101+33@gmail.com',0,'2020-06-10'),(119,2128,18,10,'Ali Ahmed','yasiramjad77+96@gmail.com',0,'2020-06-11'),(120,2128,18,10,'Signe Skinner','yasiramjad77+97@gmail.com',0,'2020-06-12'),(121,2128,18,10,'Claudia Cole','yasiramjad77+98@gmail.com',0,'2020-06-12'),(122,2128,18,10,'Claudia Cole','yasiramjad77+92@gmail.com',0,'2020-06-12'),(123,2128,18,10,'Troy Skinner','yasiramjad77+80@gmail.com',0,'2020-06-12'),(124,2128,18,10,'Ali Ahmed','yasiramjad77+50@gmail.com',0,'2020-06-12'),(125,2128,18,10,'Claudia Cole','yasiramjad77+99@gmail.com',0,'2020-06-12'),(126,2128,18,10,'Ali Ahmed','yasiramjad77+45@gmail.com',0,'2020-06-12'),(127,2128,18,10,'Claudia Cole','yasiramjad77+456@gmail.com',0,'2020-06-12'),(128,2128,18,10,'Ali Ahmed','yasiramjad77+999@gmail.com',0,'2020-06-12'),(129,2128,18,10,'Ali Ahmed','yasiramjad77+111@gmail.com',0,'2020-06-12'),(130,2128,18,10,'Cara Washington','yasiramjad77+125@gmail.com',0,'2020-06-12'),(131,2128,18,10,'shakira','yasiramjad77+33@gmail.com',0,'2020-06-12'),(132,2128,18,10,'Shellie Rodriguez','yasiramjad77+79@gmail.com',0,'2020-06-12'),(133,2059,18,10,'yasir','bitf17a514@pucit.edu.pk',0,'2020-09-17');
/*!40000 ALTER TABLE `referrals` ENABLE KEYS */;
UNLOCK TABLES;

--
-- Table structure for table `seo_data`
--

DROP TABLE IF EXISTS `seo_data`;
/*!40101 SET @saved_cs_client     = @@character_set_client */;
/*!40101 SET character_set_client = utf8 */;
CREATE TABLE `seo_data` (
  `id` int(11) NOT NULL AUTO_INCREMENT,
  `title` varchar(255) DEFAULT 'title',
  `description` text,
  `keywords` text,
  `image` varchar(255) DEFAULT NULL,
  `camp_id` int(11) DEFAULT NULL,
  PRIMARY KEY (`id`)
) ENGINE=InnoDB AUTO_INCREMENT=3 DEFAULT CHARSET=latin1;
/*!40101 SET character_set_client = @saved_cs_client */;

--
-- Dumping data for table `seo_data`
--

LOCK TABLES `seo_data` WRITE;
/*!40000 ALTER TABLE `seo_data` DISABLE KEYS */;
INSERT INTO `seo_data` VALUES (1,'First Title','this is my first title','php - CSS',NULL,10),(2,'title',NULL,NULL,NULL,30);
/*!40000 ALTER TABLE `seo_data` ENABLE KEYS */;
UNLOCK TABLES;

--
-- Table structure for table `share_page_setting`
--

DROP TABLE IF EXISTS `share_page_setting`;
/*!40101 SET @saved_cs_client     = @@character_set_client */;
/*!40101 SET character_set_client = utf8 */;
CREATE TABLE `share_page_setting` (
  `id` int(10) unsigned NOT NULL AUTO_INCREMENT,
  `campaign_id` int(11) DEFAULT NULL,
  `enable_points` tinyint(1) NOT NULL DEFAULT '1',
  `heading` varchar(200) DEFAULT 'Bring Friends - Recieve Rewards',
  `subheading` varchar(200) DEFAULT 'Because camp is better with friends',
  `leaderboard_heading` varchar(200) DEFAULT 'Top Ambassadors',
  `camp_id` int(11) DEFAULT NULL,
  `points_per_referral` int(11) NOT NULL DEFAULT '100',
  `points_per_link_view` int(11) NOT NULL DEFAULT '1',
  `points_on_join` int(11) NOT NULL DEFAULT '10',
  `points_on_invite` int(11) NOT NULL DEFAULT '10',
  `points_on_testimonial` int(11) NOT NULL DEFAULT '30',
  `show_leaderboard` tinyint(4) NOT NULL DEFAULT '1',
  `show_leaderboard_names` tinyint(4) NOT NULL DEFAULT '0',
  `terms` text,
  `sent_via_family_subject` varchar(255) DEFAULT NULL,
  `sent_via_family_message` text,
  PRIMARY KEY (`id`)
) ENGINE=InnoDB AUTO_INCREMENT=64 DEFAULT CHARSET=latin1;
/*!40101 SET character_set_client = @saved_cs_client */;

--
-- Dumping data for table `share_page_setting`
--

LOCK TABLES `share_page_setting` WRITE;
/*!40000 ALTER TABLE `share_page_setting` DISABLE KEYS */;
INSERT INTO `share_page_setting` VALUES (4,16,1,'Bring Friends - Recieve Rewards','Because camp is better with friends','Top Ambassadors',8,100,1,10,10,30,1,0,NULL,NULL,NULL),(7,18,1,'Bring Friends - Recieve Rewards Now','Because camp is better with friends','Top Ambassadors',10,100,1,20,20,40,1,0,'<p><strong>Ambassador (You)</strong></p>\r\n\r\n<p>&nbsp;</p>\r\n\r\n<ul>\r\n	<li>Rewards for referrals will only be applied when your friend have confirmed/paid registrations with our Camp.</li>\r\n	<li>The new referral must confirm (while registering) who referred them.</li>\r\n</ul>\r\n\r\n<p>&nbsp;</p>\r\n\r\n<p><strong>Referred families (your friend)</strong></p>\r\n\r\n<p>&nbsp;</p>\r\n\r\n<ul>\r\n	<li>The referral must be somebody whose family has never attended camp before</li>\r\n	<li>If a Discount offered then it can be applied to any program.</li>\r\n	<li>Reward is void if referred friend cancels registration.</li>\r\n	<li>Cannot be redeemed for cash or credit.</li>\r\n</ul>\r\n\r\n<p>&nbsp;</p>\r\n\r\n<p><strong>The Camp</strong></p>\r\n\r\n<p>&nbsp;</p>\r\n\r\n<ul>\r\n	<li>Reserves the right to add or remove rewards at their discretion.</li>\r\n	<li>Can change the reward offered without notice.</li>\r\n	<li>Can end the program without prior warning.</li>\r\n</ul>\r\n\r\n<p>&nbsp;</p>\r\n\r\n<p><strong>In detail&hellip;</strong></p>\r\n\r\n<p>&nbsp;</p>\r\n\r\n<ul>\r\n	<li>Employees of the camp or their family members or anyone else connected in any way with the competition or helping to set up the competition shall not be permitted to enter.</li>\r\n	<li>There is no entry fee and no purchase necessary to enter.</li>\r\n	<li>The camp reserves the right to change the beginning or end date.</li>\r\n	<li>No responsibility can be accepted for entries not received for whatever reason.</li>\r\n	<li>Camp reserves the right to disqualify anyone they may believe has not completed selected tasks.</li>\r\n	<li>The camp reserves the right to cancel or amend the competition and these terms and conditions without notice.</li>\r\n	<li>The camp is not responsible for inaccurate prize details supplied to any entrant by any third party connected with this competition.</li>\r\n	<li>No cash alternative to the prizes will be offered. The prizes are not transferable. Prizes are subject to availability and we reserve the right to substitute any prize with another of equivalent value without giving notice.</li>\r\n	<li>Winners will be notified by email within 28 days of the closing date with instructions on how to claim the prize. If the winner cannot be contacted or do not claim the prize within 14 days of notification, we reserve the right to withdraw the prize from the winner and pick a replacement winner or cancel the prize.</li>\r\n	<li>Cheating for entries in any way (referring yourself using different emails or similar tactics) will disqualify you.</li>\r\n	<li>The promoter&rsquo;s decision in respect of all matters to do with the competition will be final and no correspondence will be entered into.</li>\r\n	<li>By entering this competition, an entrant is indicating his/her agreement to be bound by these terms and conditions.</li>\r\n	<li>These terms and conditions will be governed by the country the camp is located in and any disputes will be subject to the exclusive jurisdiction of that country.</li>\r\n	<li>&nbsp;Entry will be deemed as acceptance of these terms and conditions.</li>\r\n	<li>This promotion is in no way sponsored, endorsed or administered by, or associated with, Facebook, Twitter or any other social network. You are providing your information to the camp and not to any other party. The information provided will be used in conjunction with standard Privacy Policies.</li>\r\n</ul>\r\n','My Custom Subject','Hi %customer_name. This is my camp. Please Join my camp.\r\n%referral_link abc'),(12,19,1,'Bring Friends - Recieve Rewards','Because camp is better with friends','Top Ambassadors',11,100,1,10,10,30,1,0,'<p><strong>Ambassador (You)</strong></p>\n\n                <p>&nbsp;</p>\n                \n                <ul>\n                    <li>Rewards for referrals will only be applied when your friend have confirmed/paid registrations with our Camp.</li>\n                    <li>The new referral must confirm (while registering) who referred them.</li>\n                </ul>\n                \n                <p>&nbsp;</p>\n                \n                <p><strong>Referred families (your friend)</strong></p>\n                \n                <p>&nbsp;</p>\n                \n                <ul>\n                    <li>The referral must be somebody whose family has never attended camp before</li>\n                    <li>If a Discount offered then it can be applied to any program.</li>\n                    <li>Reward is void if referred friend cancels registration.</li>\n                    <li>Cannot be redeemed for cash or credit.</li>\n                </ul>\n                \n                <p>&nbsp;</p>\n                \n                <p><strong>The Camp</strong></p>\n                \n                <p>&nbsp;</p>\n                \n                <ul>\n                    <li>Reserves the right to add or remove rewards at their discretion.</li>\n                    <li>Can change the reward offered without notice.</li>\n                    <li>Can end the program without prior warning.</li>\n                </ul>\n                \n                <p>&nbsp;</p>\n                \n                <p><strong>In detail&hellip;</strong></p>\n                \n                <p>&nbsp;</p>\n                \n                <ul>\n                    <li>Employees of the camp or their family members or anyone else connected in any way with the competition or helping to set up the competition shall not be permitted to enter.</li>\n                    <li>There is no entry fee and no purchase necessary to enter.</li>\n                    <li>The camp reserves the right to change the beginning or end date.</li>\n                    <li>No responsibility can be accepted for entries not received for whatever reason.</li>\n                    <li>Camp reserves the right to disqualify anyone they may believe has not completed selected tasks.</li>\n                    <li>The camp reserves the right to cancel or amend the competition and these terms and conditions without notice.</li>\n                    <li>The camp is not responsible for inaccurate prize details supplied to any entrant by any third party connected with this competition.</li>\n                    <li>No cash alternative to the prizes will be offered. The prizes are not transferable. Prizes are subject to availability and we reserve the right to substitute any prize with another of equivalent value without giving notice.</li>\n                    <li>Winners will be notified by email within 28 days of the closing date with instructions on how to claim the prize. If the winner cannot be contacted or do not claim the prize within 14 days of notification, we reserve the right to withdraw the prize from the winner and pick a replacement winner or cancel the prize.</li>\n                    <li>Cheating for entries in any way (referring yourself using different emails or similar tactics) will disqualify you.</li>\n                    <li>The promoter&rsquo;s decision in respect of all matters to do with the competition will be final and no correspondence will be entered into.</li>\n                    <li>By entering this competition, an entrant is indicating his/her agreement to be bound by these terms and conditions.</li>\n                    <li>These terms and conditions will be governed by the country the camp is located in and any disputes will be subject to the exclusive jurisdiction of that country.</li>\n                    <li>&nbsp;Entry will be deemed as acceptance of these terms and conditions.</li>\n                    <li>This promotion is in no way sponsored, endorsed or administered by, or associated with, Facebook, Twitter or any other social network. You are providing your information to the camp and not to any other party. The information provided will be used in conjunction with standard Privacy Policies.</li>\n                </ul>\n                ',NULL,NULL),(16,18,1,'Bring Friends - Recieve Rewards Now','Because camp is better with friends','Top Ambassadors',10,100,1,20,20,40,1,0,'<p><strong>Ambassador (You)</strong></p>\r\n\r\n<p>&nbsp;</p>\r\n\r\n<ul>\r\n	<li>Rewards for referrals will only be applied when your friend have confirmed/paid registrations with our Camp.</li>\r\n	<li>The new referral must confirm (while registering) who referred them.</li>\r\n</ul>\r\n\r\n<p>&nbsp;</p>\r\n\r\n<p><strong>Referred families (your friend)</strong></p>\r\n\r\n<p>&nbsp;</p>\r\n\r\n<ul>\r\n	<li>The referral must be somebody whose family has never attended camp before</li>\r\n	<li>If a Discount offered then it can be applied to any program.</li>\r\n	<li>Reward is void if referred friend cancels registration.</li>\r\n	<li>Cannot be redeemed for cash or credit.</li>\r\n</ul>\r\n\r\n<p>&nbsp;</p>\r\n\r\n<p><strong>The Camp</strong></p>\r\n\r\n<p>&nbsp;</p>\r\n\r\n<ul>\r\n	<li>Reserves the right to add or remove rewards at their discretion.</li>\r\n	<li>Can change the reward offered without notice.</li>\r\n	<li>Can end the program without prior warning.</li>\r\n</ul>\r\n\r\n<p>&nbsp;</p>\r\n\r\n<p><strong>In detail&hellip;</strong></p>\r\n\r\n<p>&nbsp;</p>\r\n\r\n<ul>\r\n	<li>Employees of the camp or their family members or anyone else connected in any way with the competition or helping to set up the competition shall not be permitted to enter.</li>\r\n	<li>There is no entry fee and no purchase necessary to enter.</li>\r\n	<li>The camp reserves the right to change the beginning or end date.</li>\r\n	<li>No responsibility can be accepted for entries not received for whatever reason.</li>\r\n	<li>Camp reserves the right to disqualify anyone they may believe has not completed selected tasks.</li>\r\n	<li>The camp reserves the right to cancel or amend the competition and these terms and conditions without notice.</li>\r\n	<li>The camp is not responsible for inaccurate prize details supplied to any entrant by any third party connected with this competition.</li>\r\n	<li>No cash alternative to the prizes will be offered. The prizes are not transferable. Prizes are subject to availability and we reserve the right to substitute any prize with another of equivalent value without giving notice.</li>\r\n	<li>Winners will be notified by email within 28 days of the closing date with instructions on how to claim the prize. If the winner cannot be contacted or do not claim the prize within 14 days of notification, we reserve the right to withdraw the prize from the winner and pick a replacement winner or cancel the prize.</li>\r\n	<li>Cheating for entries in any way (referring yourself using different emails or similar tactics) will disqualify you.</li>\r\n	<li>The promoter&rsquo;s decision in respect of all matters to do with the competition will be final and no correspondence will be entered into.</li>\r\n	<li>By entering this competition, an entrant is indicating his/her agreement to be bound by these terms and conditions.</li>\r\n	<li>These terms and conditions will be governed by the country the camp is located in and any disputes will be subject to the exclusive jurisdiction of that country.</li>\r\n	<li>&nbsp;Entry will be deemed as acceptance of these terms and conditions.</li>\r\n	<li>This promotion is in no way sponsored, endorsed or administered by, or associated with, Facebook, Twitter or any other social network. You are providing your information to the camp and not to any other party. The information provided will be used in conjunction with standard Privacy Policies.</li>\r\n</ul>\r\n',NULL,NULL),(17,20,1,'Bring Friends - Recieve Rewards','Because camp is better with friends','Top Ambassadors',10,100,1,10,10,30,1,0,NULL,NULL,NULL),(18,21,1,'Bring Friends - Recieve Rewards','Because camp is better with friends','Top Ambassadors',10,100,1,10,10,30,1,0,NULL,NULL,NULL),(21,30,1,'Bring Friends - Recieve Rewards Updated','Because camp is better with friends Updated','Top Ambassadors',10,100,1,10,10,30,1,1,'<p><strong>Ambassador (You)</strong></p>\r\n\r\n<p>&nbsp;</p>\r\n\r\n<ul>\r\n	<li>Rewards for referrals will only be applied when your friend have confirmed/paid registrations with our Camp.</li>\r\n	<li>The new referral must confirm (while registering) who referred them.</li>\r\n</ul>\r\n\r\n<p>&nbsp;</p>\r\n\r\n<p><strong>Referred families (your friend)</strong></p>\r\n\r\n<p>&nbsp;</p>\r\n\r\n<ul>\r\n	<li>The referral must be somebody whose family has never attended camp before</li>\r\n	<li>If a Discount offered then it can be applied to any program.</li>\r\n	<li>Reward is void if referred friend cancels registration.</li>\r\n	<li>Cannot be redeemed for cash or credit.</li>\r\n</ul>\r\n\r\n<p>&nbsp;</p>\r\n\r\n<p><strong>The Camp</strong></p>\r\n\r\n<p>&nbsp;</p>\r\n\r\n<ul>\r\n	<li>Reserves the right to add or remove rewards at their discretion.</li>\r\n	<li>Can change the reward offered without notice.</li>\r\n	<li>Can end the program without prior warning.</li>\r\n</ul>\r\n\r\n<p>&nbsp;</p>\r\n\r\n<p><strong>In detail&hellip;</strong></p>\r\n\r\n<p>&nbsp;</p>\r\n\r\n<ul>\r\n	<li>Employees of the camp or their family members or anyone else connected in any way with the competition or helping to set up the competition shall not be permitted to enter.</li>\r\n	<li>There is no entry fee and no purchase necessary to enter.</li>\r\n	<li>The camp reserves the right to change the beginning or end date.</li>\r\n	<li>No responsibility can be accepted for entries not received for whatever reason.</li>\r\n	<li>Camp reserves the right to disqualify anyone they may believe has not completed selected tasks.</li>\r\n	<li>The camp reserves the right to cancel or amend the competition and these terms and conditions without notice.</li>\r\n	<li>The camp is not responsible for inaccurate prize details supplied to any entrant by any third party connected with this competition.</li>\r\n	<li>No cash alternative to the prizes will be offered. The prizes are not transferable. Prizes are subject to availability and we reserve the right to substitute any prize with another of equivalent value without giving notice.</li>\r\n	<li>Winners will be notified by email within 28 days of the closing date with instructions on how to claim the prize. If the winner cannot be contacted or do not claim the prize within 14 days of notification, we reserve the right to withdraw the prize from the winner and pick a replacement winner or cancel the prize.</li>\r\n	<li>Cheating for entries in any way (referring yourself using different emails or similar tactics) will disqualify you.</li>\r\n	<li>The promoter&rsquo;s decision in respect of all matters to do with the competition will be final and no correspondence will be entered into.</li>\r\n	<li>By entering this competition, an entrant is indicating his/her agreement to be bound by these terms and conditions.</li>\r\n	<li>These terms and conditions will be governed by the country the camp is located in and any disputes will be subject to the exclusive jurisdiction of that country.</li>\r\n	<li>&nbsp;Entry will be deemed as acceptance of these terms and conditions.</li>\r\n	<li>This promotion is in no way sponsored, endorsed or administered by, or associated with, Facebook, Twitter or any other social network. You are providing your information to the camp and not to any other party. The information provided will be used in conjunction with standard Privacy Policies.</li>\r\n</ul>\r\n',NULL,NULL),(23,32,1,'Bring Friends - Recieve Rewards','Because camp is better with friends','Top Ambassadors',10,100,1,10,10,30,1,0,NULL,NULL,NULL),(24,33,1,'Bring Friends - Recieve Rewards','Because camp is better with friends','Top Ambassadors',10,100,1,10,10,30,1,0,NULL,NULL,NULL),(26,35,1,'Bring Friends - Recieve Rewards','Because camp is better with friends','Top Ambassadors',12,100,1,10,10,30,1,0,NULL,NULL,NULL),(27,36,1,'Bring Friends - Recieve Rewards','Because camp is better with friends','Top Ambassadors',13,100,1,10,10,30,1,0,'<p><strong>Ambassador (You)</strong></p>\n\n                <p>&nbsp;</p>\n                \n                <ul>\n                    <li>Rewards for referrals will only be applied when your friend have confirmed/paid registrations with our Camp.</li>\n                    <li>The new referral must confirm (while registering) who referred them.</li>\n                </ul>\n                \n                <p>&nbsp;</p>\n                \n                <p><strong>Referred families (your friend)</strong></p>\n                \n                <p>&nbsp;</p>\n                \n                <ul>\n                    <li>The referral must be somebody whose family has never attended camp before</li>\n                    <li>If a Discount offered then it can be applied to any program.</li>\n                    <li>Reward is void if referred friend cancels registration.</li>\n                    <li>Cannot be redeemed for cash or credit.</li>\n                </ul>\n                \n                <p>&nbsp;</p>\n                \n                <p><strong>The Camp</strong></p>\n                \n                <p>&nbsp;</p>\n                \n                <ul>\n                    <li>Reserves the right to add or remove rewards at their discretion.</li>\n                    <li>Can change the reward offered without notice.</li>\n                    <li>Can end the program without prior warning.</li>\n                </ul>\n                \n                <p>&nbsp;</p>\n                \n                <p><strong>In detail&hellip;</strong></p>\n                \n                <p>&nbsp;</p>\n                \n                <ul>\n                    <li>Employees of the camp or their family members or anyone else connected in any way with the competition or helping to set up the competition shall not be permitted to enter.</li>\n                    <li>There is no entry fee and no purchase necessary to enter.</li>\n                    <li>The camp reserves the right to change the beginning or end date.</li>\n                    <li>No responsibility can be accepted for entries not received for whatever reason.</li>\n                    <li>Camp reserves the right to disqualify anyone they may believe has not completed selected tasks.</li>\n                    <li>The camp reserves the right to cancel or amend the competition and these terms and conditions without notice.</li>\n                    <li>The camp is not responsible for inaccurate prize details supplied to any entrant by any third party connected with this competition.</li>\n                    <li>No cash alternative to the prizes will be offered. The prizes are not transferable. Prizes are subject to availability and we reserve the right to substitute any prize with another of equivalent value without giving notice.</li>\n                    <li>Winners will be notified by email within 28 days of the closing date with instructions on how to claim the prize. If the winner cannot be contacted or do not claim the prize within 14 days of notification, we reserve the right to withdraw the prize from the winner and pick a replacement winner or cancel the prize.</li>\n                    <li>Cheating for entries in any way (referring yourself using different emails or similar tactics) will disqualify you.</li>\n                    <li>The promoter&rsquo;s decision in respect of all matters to do with the competition will be final and no correspondence will be entered into.</li>\n                    <li>By entering this competition, an entrant is indicating his/her agreement to be bound by these terms and conditions.</li>\n                    <li>These terms and conditions will be governed by the country the camp is located in and any disputes will be subject to the exclusive jurisdiction of that country.</li>\n                    <li>&nbsp;Entry will be deemed as acceptance of these terms and conditions.</li>\n                    <li>This promotion is in no way sponsored, endorsed or administered by, or associated with, Facebook, Twitter or any other social network. You are providing your information to the camp and not to any other party. The information provided will be used in conjunction with standard Privacy Policies.</li>\n                </ul>\n                ',NULL,NULL),(28,37,1,'Bring Friends - Recieve Rewards','Because camp is better with friends','Top Ambassadors',14,100,1,10,10,30,1,0,'<p><strong>Ambassador (You)</strong></p>\n\n                <p>&nbsp;</p>\n                \n                <ul>\n                    <li>Rewards for referrals will only be applied when your friend have confirmed/paid registrations with our Camp.</li>\n                    <li>The new referral must confirm (while registering) who referred them.</li>\n                </ul>\n                \n                <p>&nbsp;</p>\n                \n                <p><strong>Referred families (your friend)</strong></p>\n                \n                <p>&nbsp;</p>\n                \n                <ul>\n                    <li>The referral must be somebody whose family has never attended camp before</li>\n                    <li>If a Discount offered then it can be applied to any program.</li>\n                    <li>Reward is void if referred friend cancels registration.</li>\n                    <li>Cannot be redeemed for cash or credit.</li>\n                </ul>\n                \n                <p>&nbsp;</p>\n                \n                <p><strong>The Camp</strong></p>\n                \n                <p>&nbsp;</p>\n                \n                <ul>\n                    <li>Reserves the right to add or remove rewards at their discretion.</li>\n                    <li>Can change the reward offered without notice.</li>\n                    <li>Can end the program without prior warning.</li>\n                </ul>\n                \n                <p>&nbsp;</p>\n                \n                <p><strong>In detail&hellip;</strong></p>\n                \n                <p>&nbsp;</p>\n                \n                <ul>\n                    <li>Employees of the camp or their family members or anyone else connected in any way with the competition or helping to set up the competition shall not be permitted to enter.</li>\n                    <li>There is no entry fee and no purchase necessary to enter.</li>\n                    <li>The camp reserves the right to change the beginning or end date.</li>\n                    <li>No responsibility can be accepted for entries not received for whatever reason.</li>\n                    <li>Camp reserves the right to disqualify anyone they may believe has not completed selected tasks.</li>\n                    <li>The camp reserves the right to cancel or amend the competition and these terms and conditions without notice.</li>\n                    <li>The camp is not responsible for inaccurate prize details supplied to any entrant by any third party connected with this competition.</li>\n                    <li>No cash alternative to the prizes will be offered. The prizes are not transferable. Prizes are subject to availability and we reserve the right to substitute any prize with another of equivalent value without giving notice.</li>\n                    <li>Winners will be notified by email within 28 days of the closing date with instructions on how to claim the prize. If the winner cannot be contacted or do not claim the prize within 14 days of notification, we reserve the right to withdraw the prize from the winner and pick a replacement winner or cancel the prize.</li>\n                    <li>Cheating for entries in any way (referring yourself using different emails or similar tactics) will disqualify you.</li>\n                    <li>The promoter&rsquo;s decision in respect of all matters to do with the competition will be final and no correspondence will be entered into.</li>\n                    <li>By entering this competition, an entrant is indicating his/her agreement to be bound by these terms and conditions.</li>\n                    <li>These terms and conditions will be governed by the country the camp is located in and any disputes will be subject to the exclusive jurisdiction of that country.</li>\n                    <li>&nbsp;Entry will be deemed as acceptance of these terms and conditions.</li>\n                    <li>This promotion is in no way sponsored, endorsed or administered by, or associated with, Facebook, Twitter or any other social network. You are providing your information to the camp and not to any other party. The information provided will be used in conjunction with standard Privacy Policies.</li>\n                </ul>\n                ',NULL,NULL),(29,38,1,'Bring Friends - Recieve Rewards','Because camp is better with friends','Top Ambassadors',15,100,1,10,10,30,1,0,'<p><strong>Ambassador (You)</strong></p>\n\n                <p>&nbsp;</p>\n                \n                <ul>\n                    <li>Rewards for referrals will only be applied when your friend have confirmed/paid registrations with our Camp.</li>\n                    <li>The new referral must confirm (while registering) who referred them.</li>\n                </ul>\n                \n                <p>&nbsp;</p>\n                \n                <p><strong>Referred families (your friend)</strong></p>\n                \n                <p>&nbsp;</p>\n                \n                <ul>\n                    <li>The referral must be somebody whose family has never attended camp before</li>\n                    <li>If a Discount offered then it can be applied to any program.</li>\n                    <li>Reward is void if referred friend cancels registration.</li>\n                    <li>Cannot be redeemed for cash or credit.</li>\n                </ul>\n                \n                <p>&nbsp;</p>\n                \n                <p><strong>The Camp</strong></p>\n                \n                <p>&nbsp;</p>\n                \n                <ul>\n                    <li>Reserves the right to add or remove rewards at their discretion.</li>\n                    <li>Can change the reward offered without notice.</li>\n                    <li>Can end the program without prior warning.</li>\n                </ul>\n                \n                <p>&nbsp;</p>\n                \n                <p><strong>In detail&hellip;</strong></p>\n                \n                <p>&nbsp;</p>\n                \n                <ul>\n                    <li>Employees of the camp or their family members or anyone else connected in any way with the competition or helping to set up the competition shall not be permitted to enter.</li>\n                    <li>There is no entry fee and no purchase necessary to enter.</li>\n                    <li>The camp reserves the right to change the beginning or end date.</li>\n                    <li>No responsibility can be accepted for entries not received for whatever reason.</li>\n                    <li>Camp reserves the right to disqualify anyone they may believe has not completed selected tasks.</li>\n                    <li>The camp reserves the right to cancel or amend the competition and these terms and conditions without notice.</li>\n                    <li>The camp is not responsible for inaccurate prize details supplied to any entrant by any third party connected with this competition.</li>\n                    <li>No cash alternative to the prizes will be offered. The prizes are not transferable. Prizes are subject to availability and we reserve the right to substitute any prize with another of equivalent value without giving notice.</li>\n                    <li>Winners will be notified by email within 28 days of the closing date with instructions on how to claim the prize. If the winner cannot be contacted or do not claim the prize within 14 days of notification, we reserve the right to withdraw the prize from the winner and pick a replacement winner or cancel the prize.</li>\n                    <li>Cheating for entries in any way (referring yourself using different emails or similar tactics) will disqualify you.</li>\n                    <li>The promoter&rsquo;s decision in respect of all matters to do with the competition will be final and no correspondence will be entered into.</li>\n                    <li>By entering this competition, an entrant is indicating his/her agreement to be bound by these terms and conditions.</li>\n                    <li>These terms and conditions will be governed by the country the camp is located in and any disputes will be subject to the exclusive jurisdiction of that country.</li>\n                    <li>&nbsp;Entry will be deemed as acceptance of these terms and conditions.</li>\n                    <li>This promotion is in no way sponsored, endorsed or administered by, or associated with, Facebook, Twitter or any other social network. You are providing your information to the camp and not to any other party. The information provided will be used in conjunction with standard Privacy Policies.</li>\n                </ul>\n                ',NULL,NULL),(30,39,1,'Bring Friends - Recieve Rewards','Because camp is better with friends','Top Ambassadors',16,100,1,10,10,30,1,0,'<p><strong>Ambassador (You)</strong></p>\n\n                <p>&nbsp;</p>\n                \n                <ul>\n                    <li>Rewards for referrals will only be applied when your friend have confirmed/paid registrations with our Camp.</li>\n                    <li>The new referral must confirm (while registering) who referred them.</li>\n                </ul>\n                \n                <p>&nbsp;</p>\n                \n                <p><strong>Referred families (your friend)</strong></p>\n                \n                <p>&nbsp;</p>\n                \n                <ul>\n                    <li>The referral must be somebody whose family has never attended camp before</li>\n                    <li>If a Discount offered then it can be applied to any program.</li>\n                    <li>Reward is void if referred friend cancels registration.</li>\n                    <li>Cannot be redeemed for cash or credit.</li>\n                </ul>\n                \n                <p>&nbsp;</p>\n                \n                <p><strong>The Camp</strong></p>\n                \n                <p>&nbsp;</p>\n                \n                <ul>\n                    <li>Reserves the right to add or remove rewards at their discretion.</li>\n                    <li>Can change the reward offered without notice.</li>\n                    <li>Can end the program without prior warning.</li>\n                </ul>\n                \n                <p>&nbsp;</p>\n                \n                <p><strong>In detail&hellip;</strong></p>\n                \n                <p>&nbsp;</p>\n                \n                <ul>\n                    <li>Employees of the camp or their family members or anyone else connected in any way with the competition or helping to set up the competition shall not be permitted to enter.</li>\n                    <li>There is no entry fee and no purchase necessary to enter.</li>\n                    <li>The camp reserves the right to change the beginning or end date.</li>\n                    <li>No responsibility can be accepted for entries not received for whatever reason.</li>\n                    <li>Camp reserves the right to disqualify anyone they may believe has not completed selected tasks.</li>\n                    <li>The camp reserves the right to cancel or amend the competition and these terms and conditions without notice.</li>\n                    <li>The camp is not responsible for inaccurate prize details supplied to any entrant by any third party connected with this competition.</li>\n                    <li>No cash alternative to the prizes will be offered. The prizes are not transferable. Prizes are subject to availability and we reserve the right to substitute any prize with another of equivalent value without giving notice.</li>\n                    <li>Winners will be notified by email within 28 days of the closing date with instructions on how to claim the prize. If the winner cannot be contacted or do not claim the prize within 14 days of notification, we reserve the right to withdraw the prize from the winner and pick a replacement winner or cancel the prize.</li>\n                    <li>Cheating for entries in any way (referring yourself using different emails or similar tactics) will disqualify you.</li>\n                    <li>The promoter&rsquo;s decision in respect of all matters to do with the competition will be final and no correspondence will be entered into.</li>\n                    <li>By entering this competition, an entrant is indicating his/her agreement to be bound by these terms and conditions.</li>\n                    <li>These terms and conditions will be governed by the country the camp is located in and any disputes will be subject to the exclusive jurisdiction of that country.</li>\n                    <li>&nbsp;Entry will be deemed as acceptance of these terms and conditions.</li>\n                    <li>This promotion is in no way sponsored, endorsed or administered by, or associated with, Facebook, Twitter or any other social network. You are providing your information to the camp and not to any other party. The information provided will be used in conjunction with standard Privacy Policies.</li>\n                </ul>\n                ',NULL,NULL),(31,40,1,'Bring Friends - Recieve Rewards','Because camp is better with friends','Top Ambassadors',17,100,1,10,10,30,1,0,'<p><strong>Ambassador (You)</strong></p>\n\n                <p>&nbsp;</p>\n                \n                <ul>\n                    <li>Rewards for referrals will only be applied when your friend have confirmed/paid registrations with our Camp.</li>\n                    <li>The new referral must confirm (while registering) who referred them.</li>\n                </ul>\n                \n                <p>&nbsp;</p>\n                \n                <p><strong>Referred families (your friend)</strong></p>\n                \n                <p>&nbsp;</p>\n                \n                <ul>\n                    <li>The referral must be somebody whose family has never attended camp before</li>\n                    <li>If a Discount offered then it can be applied to any program.</li>\n                    <li>Reward is void if referred friend cancels registration.</li>\n                    <li>Cannot be redeemed for cash or credit.</li>\n                </ul>\n                \n                <p>&nbsp;</p>\n                \n                <p><strong>The Camp</strong></p>\n                \n                <p>&nbsp;</p>\n                \n                <ul>\n                    <li>Reserves the right to add or remove rewards at their discretion.</li>\n                    <li>Can change the reward offered without notice.</li>\n                    <li>Can end the program without prior warning.</li>\n                </ul>\n                \n                <p>&nbsp;</p>\n                \n                <p><strong>In detail&hellip;</strong></p>\n                \n                <p>&nbsp;</p>\n                \n                <ul>\n                    <li>Employees of the camp or their family members or anyone else connected in any way with the competition or helping to set up the competition shall not be permitted to enter.</li>\n                    <li>There is no entry fee and no purchase necessary to enter.</li>\n                    <li>The camp reserves the right to change the beginning or end date.</li>\n                    <li>No responsibility can be accepted for entries not received for whatever reason.</li>\n                    <li>Camp reserves the right to disqualify anyone they may believe has not completed selected tasks.</li>\n                    <li>The camp reserves the right to cancel or amend the competition and these terms and conditions without notice.</li>\n                    <li>The camp is not responsible for inaccurate prize details supplied to any entrant by any third party connected with this competition.</li>\n                    <li>No cash alternative to the prizes will be offered. The prizes are not transferable. Prizes are subject to availability and we reserve the right to substitute any prize with another of equivalent value without giving notice.</li>\n                    <li>Winners will be notified by email within 28 days of the closing date with instructions on how to claim the prize. If the winner cannot be contacted or do not claim the prize within 14 days of notification, we reserve the right to withdraw the prize from the winner and pick a replacement winner or cancel the prize.</li>\n                    <li>Cheating for entries in any way (referring yourself using different emails or similar tactics) will disqualify you.</li>\n                    <li>The promoter&rsquo;s decision in respect of all matters to do with the competition will be final and no correspondence will be entered into.</li>\n                    <li>By entering this competition, an entrant is indicating his/her agreement to be bound by these terms and conditions.</li>\n                    <li>These terms and conditions will be governed by the country the camp is located in and any disputes will be subject to the exclusive jurisdiction of that country.</li>\n                    <li>&nbsp;Entry will be deemed as acceptance of these terms and conditions.</li>\n                    <li>This promotion is in no way sponsored, endorsed or administered by, or associated with, Facebook, Twitter or any other social network. You are providing your information to the camp and not to any other party. The information provided will be used in conjunction with standard Privacy Policies.</li>\n                </ul>\n                ',NULL,NULL),(32,41,1,'Bring Friends - Recieve Rewards','Because camp is better with friends','Top Ambassadors',17,100,1,10,10,30,1,0,NULL,NULL,NULL),(33,42,1,'Bring Friends - Recieve Rewards','Because camp is better with friends','Top Ambassadors',18,100,1,10,10,30,1,0,'<p><strong>Ambassador (You)</strong></p>\n\n                <p>&nbsp;</p>\n                \n                <ul>\n                    <li>Rewards for referrals will only be applied when your friend have confirmed/paid registrations with our Camp.</li>\n                    <li>The new referral must confirm (while registering) who referred them.</li>\n                </ul>\n                \n                <p>&nbsp;</p>\n                \n                <p><strong>Referred families (your friend)</strong></p>\n                \n                <p>&nbsp;</p>\n                \n                <ul>\n                    <li>The referral must be somebody whose family has never attended camp before</li>\n                    <li>If a Discount offered then it can be applied to any program.</li>\n                    <li>Reward is void if referred friend cancels registration.</li>\n                    <li>Cannot be redeemed for cash or credit.</li>\n                </ul>\n                \n                <p>&nbsp;</p>\n                \n                <p><strong>The Camp</strong></p>\n                \n                <p>&nbsp;</p>\n                \n                <ul>\n                    <li>Reserves the right to add or remove rewards at their discretion.</li>\n                    <li>Can change the reward offered without notice.</li>\n                    <li>Can end the program without prior warning.</li>\n                </ul>\n                \n                <p>&nbsp;</p>\n                \n                <p><strong>In detail&hellip;</strong></p>\n                \n                <p>&nbsp;</p>\n                \n                <ul>\n                    <li>Employees of the camp or their family members or anyone else connected in any way with the competition or helping to set up the competition shall not be permitted to enter.</li>\n                    <li>There is no entry fee and no purchase necessary to enter.</li>\n                    <li>The camp reserves the right to change the beginning or end date.</li>\n                    <li>No responsibility can be accepted for entries not received for whatever reason.</li>\n                    <li>Camp reserves the right to disqualify anyone they may believe has not completed selected tasks.</li>\n                    <li>The camp reserves the right to cancel or amend the competition and these terms and conditions without notice.</li>\n                    <li>The camp is not responsible for inaccurate prize details supplied to any entrant by any third party connected with this competition.</li>\n                    <li>No cash alternative to the prizes will be offered. The prizes are not transferable. Prizes are subject to availability and we reserve the right to substitute any prize with another of equivalent value without giving notice.</li>\n                    <li>Winners will be notified by email within 28 days of the closing date with instructions on how to claim the prize. If the winner cannot be contacted or do not claim the prize within 14 days of notification, we reserve the right to withdraw the prize from the winner and pick a replacement winner or cancel the prize.</li>\n                    <li>Cheating for entries in any way (referring yourself using different emails or similar tactics) will disqualify you.</li>\n                    <li>The promoter&rsquo;s decision in respect of all matters to do with the competition will be final and no correspondence will be entered into.</li>\n                    <li>By entering this competition, an entrant is indicating his/her agreement to be bound by these terms and conditions.</li>\n                    <li>These terms and conditions will be governed by the country the camp is located in and any disputes will be subject to the exclusive jurisdiction of that country.</li>\n                    <li>&nbsp;Entry will be deemed as acceptance of these terms and conditions.</li>\n                    <li>This promotion is in no way sponsored, endorsed or administered by, or associated with, Facebook, Twitter or any other social network. You are providing your information to the camp and not to any other party. The information provided will be used in conjunction with standard Privacy Policies.</li>\n                </ul>\n                ',NULL,NULL),(36,45,1,'Bring Friends - Recieve Rewards','Because camp is better with friends','Top Ambassadors',18,100,1,10,10,30,1,0,NULL,NULL,NULL),(37,46,1,'Bring Friends - Recieve Rewards','Because camp is better with friends','Top Ambassadors',10,100,1,10,10,30,1,0,NULL,NULL,NULL),(38,47,1,'Bring Friends - Recieve Rewards','Because camp is better with friends','Top Ambassadors',10,100,1,10,10,30,1,0,NULL,NULL,NULL),(40,49,1,'Bring Friends - Recieve Rewards','Because camp is better with friends','Top Ambassadors',10,100,1,10,10,30,1,0,NULL,NULL,NULL),(42,51,1,'Bring Friends - Recieve Rewards','Because camp is better with friends','Top Ambassadors',6,100,1,10,10,30,1,0,NULL,NULL,NULL),(43,52,1,'Bring Friends - Recieve Rewards','Because camp is better with friends','Top Ambassadors',6,100,1,10,10,30,1,0,NULL,NULL,NULL),(44,53,1,'Bring Friends - Recieve Rewards','Because camp is better with friends','Top Ambassadors',6,100,1,10,10,30,1,0,NULL,NULL,NULL),(45,54,1,'Bring Friends - Recieve Rewards','Because camp is better with friends','Top Ambassadors',6,100,1,10,10,30,1,0,NULL,NULL,NULL),(46,59,1,'Bring Friends - Recieve Rewards','Because camp is better with friends','Top Ambassadors',6,100,1,10,10,30,1,0,NULL,NULL,NULL),(47,60,1,'Bring Friends - Recieve Rewards','Because camp is better with friends','Top Ambassadors',10,100,1,10,10,30,1,0,NULL,NULL,NULL),(48,61,1,'Bring Friends - Recieve Rewards','Because camp is better with friends','Top Ambassadors',10,100,1,10,10,30,1,0,NULL,NULL,NULL),(49,62,1,'Bring Friends - Recieve Rewards','Because camp is better with friends','Top Ambassadors',10,100,1,10,10,30,1,0,NULL,NULL,NULL),(50,63,1,'Bring Friends - Recieve Rewards','Because camp is better with friends','Top Ambassadors',10,100,1,10,10,30,1,0,NULL,NULL,NULL),(51,64,1,'Bring Friends - Recieve Rewards','Because camp is better with friends','Top Ambassadors',10,100,1,10,10,30,1,0,NULL,NULL,NULL),(52,65,1,'Bring Friends - Recieve Rewards','Because camp is better with friends','Top Ambassadors',23,100,1,10,10,30,1,0,'<p><strong>Ambassador (You)</strong></p>\n\n                <p>&nbsp;</p>\n                \n                <ul>\n                    <li>Rewards for referrals will only be applied when your friend have confirmed/paid registrations with our Camp.</li>\n                    <li>The new referral must confirm (while registering) who referred them.</li>\n                </ul>\n                \n                <p>&nbsp;</p>\n                \n                <p><strong>Referred families (your friend)</strong></p>\n                \n                <p>&nbsp;</p>\n                \n                <ul>\n                    <li>The referral must be somebody whose family has never attended camp before</li>\n                    <li>If a Discount offered then it can be applied to any program.</li>\n                    <li>Reward is void if referred friend cancels registration.</li>\n                    <li>Cannot be redeemed for cash or credit.</li>\n                </ul>\n                \n                <p>&nbsp;</p>\n                \n                <p><strong>The Camp</strong></p>\n                \n                <p>&nbsp;</p>\n                \n                <ul>\n                    <li>Reserves the right to add or remove rewards at their discretion.</li>\n                    <li>Can change the reward offered without notice.</li>\n                    <li>Can end the program without prior warning.</li>\n                </ul>\n                \n                <p>&nbsp;</p>\n                \n                <p><strong>In detail&hellip;</strong></p>\n                \n                <p>&nbsp;</p>\n                \n                <ul>\n                    <li>Employees of the camp or their family members or anyone else connected in any way with the competition or helping to set up the competition shall not be permitted to enter.</li>\n                    <li>There is no entry fee and no purchase necessary to enter.</li>\n                    <li>The camp reserves the right to change the beginning or end date.</li>\n                    <li>No responsibility can be accepted for entries not received for whatever reason.</li>\n                    <li>Camp reserves the right to disqualify anyone they may believe has not completed selected tasks.</li>\n                    <li>The camp reserves the right to cancel or amend the competition and these terms and conditions without notice.</li>\n                    <li>The camp is not responsible for inaccurate prize details supplied to any entrant by any third party connected with this competition.</li>\n                    <li>No cash alternative to the prizes will be offered. The prizes are not transferable. Prizes are subject to availability and we reserve the right to substitute any prize with another of equivalent value without giving notice.</li>\n                    <li>Winners will be notified by email within 28 days of the closing date with instructions on how to claim the prize. If the winner cannot be contacted or do not claim the prize within 14 days of notification, we reserve the right to withdraw the prize from the winner and pick a replacement winner or cancel the prize.</li>\n                    <li>Cheating for entries in any way (referring yourself using different emails or similar tactics) will disqualify you.</li>\n                    <li>The promoter&rsquo;s decision in respect of all matters to do with the competition will be final and no correspondence will be entered into.</li>\n                    <li>By entering this competition, an entrant is indicating his/her agreement to be bound by these terms and conditions.</li>\n                    <li>These terms and conditions will be governed by the country the camp is located in and any disputes will be subject to the exclusive jurisdiction of that country.</li>\n                    <li>&nbsp;Entry will be deemed as acceptance of these terms and conditions.</li>\n                    <li>This promotion is in no way sponsored, endorsed or administered by, or associated with, Facebook, Twitter or any other social network. You are providing your information to the camp and not to any other party. The information provided will be used in conjunction with standard Privacy Policies.</li>\n                </ul>\n                ',NULL,NULL),(53,66,1,'Bring Friends - Recieve Rewards','Because camp is better with friends','Top Ambassadors',24,100,1,10,10,30,1,0,'<p><strong>Ambassador (You)</strong></p>\n\n                <p>&nbsp;</p>\n                \n                <ul>\n                    <li>Rewards for referrals will only be applied when your friend have confirmed/paid registrations with our Camp.</li>\n                    <li>The new referral must confirm (while registering) who referred them.</li>\n                </ul>\n                \n                <p>&nbsp;</p>\n                \n                <p><strong>Referred families (your friend)</strong></p>\n                \n                <p>&nbsp;</p>\n                \n                <ul>\n                    <li>The referral must be somebody whose family has never attended camp before</li>\n                    <li>If a Discount offered then it can be applied to any program.</li>\n                    <li>Reward is void if referred friend cancels registration.</li>\n                    <li>Cannot be redeemed for cash or credit.</li>\n                </ul>\n                \n                <p>&nbsp;</p>\n                \n                <p><strong>The Camp</strong></p>\n                \n                <p>&nbsp;</p>\n                \n                <ul>\n                    <li>Reserves the right to add or remove rewards at their discretion.</li>\n                    <li>Can change the reward offered without notice.</li>\n                    <li>Can end the program without prior warning.</li>\n                </ul>\n                \n                <p>&nbsp;</p>\n                \n                <p><strong>In detail&hellip;</strong></p>\n                \n                <p>&nbsp;</p>\n                \n                <ul>\n                    <li>Employees of the camp or their family members or anyone else connected in any way with the competition or helping to set up the competition shall not be permitted to enter.</li>\n                    <li>There is no entry fee and no purchase necessary to enter.</li>\n                    <li>The camp reserves the right to change the beginning or end date.</li>\n                    <li>No responsibility can be accepted for entries not received for whatever reason.</li>\n                    <li>Camp reserves the right to disqualify anyone they may believe has not completed selected tasks.</li>\n                    <li>The camp reserves the right to cancel or amend the competition and these terms and conditions without notice.</li>\n                    <li>The camp is not responsible for inaccurate prize details supplied to any entrant by any third party connected with this competition.</li>\n                    <li>No cash alternative to the prizes will be offered. The prizes are not transferable. Prizes are subject to availability and we reserve the right to substitute any prize with another of equivalent value without giving notice.</li>\n                    <li>Winners will be notified by email within 28 days of the closing date with instructions on how to claim the prize. If the winner cannot be contacted or do not claim the prize within 14 days of notification, we reserve the right to withdraw the prize from the winner and pick a replacement winner or cancel the prize.</li>\n                    <li>Cheating for entries in any way (referring yourself using different emails or similar tactics) will disqualify you.</li>\n                    <li>The promoter&rsquo;s decision in respect of all matters to do with the competition will be final and no correspondence will be entered into.</li>\n                    <li>By entering this competition, an entrant is indicating his/her agreement to be bound by these terms and conditions.</li>\n                    <li>These terms and conditions will be governed by the country the camp is located in and any disputes will be subject to the exclusive jurisdiction of that country.</li>\n                    <li>&nbsp;Entry will be deemed as acceptance of these terms and conditions.</li>\n                    <li>This promotion is in no way sponsored, endorsed or administered by, or associated with, Facebook, Twitter or any other social network. You are providing your information to the camp and not to any other party. The information provided will be used in conjunction with standard Privacy Policies.</li>\n                </ul>\n                ',NULL,NULL),(54,67,1,'Bring Friends - Recieve Rewards','Because camp is better with friends','Top Ambassadors',25,100,1,10,10,30,1,0,'<p><strong>Ambassador (You)</strong></p>\n\n                <p>&nbsp;</p>\n                \n                <ul>\n                    <li>Rewards for referrals will only be applied when your friend have confirmed/paid registrations with our Camp.</li>\n                    <li>The new referral must confirm (while registering) who referred them.</li>\n                </ul>\n                \n                <p>&nbsp;</p>\n                \n                <p><strong>Referred families (your friend)</strong></p>\n                \n                <p>&nbsp;</p>\n                \n                <ul>\n                    <li>The referral must be somebody whose family has never attended camp before</li>\n                    <li>If a Discount offered then it can be applied to any program.</li>\n                    <li>Reward is void if referred friend cancels registration.</li>\n                    <li>Cannot be redeemed for cash or credit.</li>\n                </ul>\n                \n                <p>&nbsp;</p>\n                \n                <p><strong>The Camp</strong></p>\n                \n                <p>&nbsp;</p>\n                \n                <ul>\n                    <li>Reserves the right to add or remove rewards at their discretion.</li>\n                    <li>Can change the reward offered without notice.</li>\n                    <li>Can end the program without prior warning.</li>\n                </ul>\n                \n                <p>&nbsp;</p>\n                \n                <p><strong>In detail&hellip;</strong></p>\n                \n                <p>&nbsp;</p>\n                \n                <ul>\n                    <li>Employees of the camp or their family members or anyone else connected in any way with the competition or helping to set up the competition shall not be permitted to enter.</li>\n                    <li>There is no entry fee and no purchase necessary to enter.</li>\n                    <li>The camp reserves the right to change the beginning or end date.</li>\n                    <li>No responsibility can be accepted for entries not received for whatever reason.</li>\n                    <li>Camp reserves the right to disqualify anyone they may believe has not completed selected tasks.</li>\n                    <li>The camp reserves the right to cancel or amend the competition and these terms and conditions without notice.</li>\n                    <li>The camp is not responsible for inaccurate prize details supplied to any entrant by any third party connected with this competition.</li>\n                    <li>No cash alternative to the prizes will be offered. The prizes are not transferable. Prizes are subject to availability and we reserve the right to substitute any prize with another of equivalent value without giving notice.</li>\n                    <li>Winners will be notified by email within 28 days of the closing date with instructions on how to claim the prize. If the winner cannot be contacted or do not claim the prize within 14 days of notification, we reserve the right to withdraw the prize from the winner and pick a replacement winner or cancel the prize.</li>\n                    <li>Cheating for entries in any way (referring yourself using different emails or similar tactics) will disqualify you.</li>\n                    <li>The promoter&rsquo;s decision in respect of all matters to do with the competition will be final and no correspondence will be entered into.</li>\n                    <li>By entering this competition, an entrant is indicating his/her agreement to be bound by these terms and conditions.</li>\n                    <li>These terms and conditions will be governed by the country the camp is located in and any disputes will be subject to the exclusive jurisdiction of that country.</li>\n                    <li>&nbsp;Entry will be deemed as acceptance of these terms and conditions.</li>\n                    <li>This promotion is in no way sponsored, endorsed or administered by, or associated with, Facebook, Twitter or any other social network. You are providing your information to the camp and not to any other party. The information provided will be used in conjunction with standard Privacy Policies.</li>\n                </ul>\n                ',NULL,NULL),(55,68,1,'Bring Friends - Recieve Rewards','Because camp is better with friends','Top Ambassadors',26,100,1,10,10,30,1,0,'<p><strong>Ambassador (You)</strong></p>\n\n                <p>&nbsp;</p>\n                \n                <ul>\n                    <li>Rewards for referrals will only be applied when your friend have confirmed/paid registrations with our Camp.</li>\n                    <li>The new referral must confirm (while registering) who referred them.</li>\n                </ul>\n                \n                <p>&nbsp;</p>\n                \n                <p><strong>Referred families (your friend)</strong></p>\n                \n                <p>&nbsp;</p>\n                \n                <ul>\n                    <li>The referral must be somebody whose family has never attended camp before</li>\n                    <li>If a Discount offered then it can be applied to any program.</li>\n                    <li>Reward is void if referred friend cancels registration.</li>\n                    <li>Cannot be redeemed for cash or credit.</li>\n                </ul>\n                \n                <p>&nbsp;</p>\n                \n                <p><strong>The Camp</strong></p>\n                \n                <p>&nbsp;</p>\n                \n                <ul>\n                    <li>Reserves the right to add or remove rewards at their discretion.</li>\n                    <li>Can change the reward offered without notice.</li>\n                    <li>Can end the program without prior warning.</li>\n                </ul>\n                \n                <p>&nbsp;</p>\n                \n                <p><strong>In detail&hellip;</strong></p>\n                \n                <p>&nbsp;</p>\n                \n                <ul>\n                    <li>Employees of the camp or their family members or anyone else connected in any way with the competition or helping to set up the competition shall not be permitted to enter.</li>\n                    <li>There is no entry fee and no purchase necessary to enter.</li>\n                    <li>The camp reserves the right to change the beginning or end date.</li>\n                    <li>No responsibility can be accepted for entries not received for whatever reason.</li>\n                    <li>Camp reserves the right to disqualify anyone they may believe has not completed selected tasks.</li>\n                    <li>The camp reserves the right to cancel or amend the competition and these terms and conditions without notice.</li>\n                    <li>The camp is not responsible for inaccurate prize details supplied to any entrant by any third party connected with this competition.</li>\n                    <li>No cash alternative to the prizes will be offered. The prizes are not transferable. Prizes are subject to availability and we reserve the right to substitute any prize with another of equivalent value without giving notice.</li>\n                    <li>Winners will be notified by email within 28 days of the closing date with instructions on how to claim the prize. If the winner cannot be contacted or do not claim the prize within 14 days of notification, we reserve the right to withdraw the prize from the winner and pick a replacement winner or cancel the prize.</li>\n                    <li>Cheating for entries in any way (referring yourself using different emails or similar tactics) will disqualify you.</li>\n                    <li>The promoter&rsquo;s decision in respect of all matters to do with the competition will be final and no correspondence will be entered into.</li>\n                    <li>By entering this competition, an entrant is indicating his/her agreement to be bound by these terms and conditions.</li>\n                    <li>These terms and conditions will be governed by the country the camp is located in and any disputes will be subject to the exclusive jurisdiction of that country.</li>\n                    <li>&nbsp;Entry will be deemed as acceptance of these terms and conditions.</li>\n                    <li>This promotion is in no way sponsored, endorsed or administered by, or associated with, Facebook, Twitter or any other social network. You are providing your information to the camp and not to any other party. The information provided will be used in conjunction with standard Privacy Policies.</li>\n                </ul>\n                ',NULL,NULL),(56,69,1,'Bring Friends - Recieve Rewards','Because camp is better with friends','Top Ambassadors',27,100,1,10,10,30,1,0,'<p><strong>Ambassador (You)</strong></p>\n\n                <p>&nbsp;</p>\n                \n                <ul>\n                    <li>Rewards for referrals will only be applied when your friend have confirmed/paid registrations with our Camp.</li>\n                    <li>The new referral must confirm (while registering) who referred them.</li>\n                </ul>\n                \n                <p>&nbsp;</p>\n                \n                <p><strong>Referred families (your friend)</strong></p>\n                \n                <p>&nbsp;</p>\n                \n                <ul>\n                    <li>The referral must be somebody whose family has never attended camp before</li>\n                    <li>If a Discount offered then it can be applied to any program.</li>\n                    <li>Reward is void if referred friend cancels registration.</li>\n                    <li>Cannot be redeemed for cash or credit.</li>\n                </ul>\n                \n                <p>&nbsp;</p>\n                \n                <p><strong>The Camp</strong></p>\n                \n                <p>&nbsp;</p>\n                \n                <ul>\n                    <li>Reserves the right to add or remove rewards at their discretion.</li>\n                    <li>Can change the reward offered without notice.</li>\n                    <li>Can end the program without prior warning.</li>\n                </ul>\n                \n                <p>&nbsp;</p>\n                \n                <p><strong>In detail&hellip;</strong></p>\n                \n                <p>&nbsp;</p>\n                \n                <ul>\n                    <li>Employees of the camp or their family members or anyone else connected in any way with the competition or helping to set up the competition shall not be permitted to enter.</li>\n                    <li>There is no entry fee and no purchase necessary to enter.</li>\n                    <li>The camp reserves the right to change the beginning or end date.</li>\n                    <li>No responsibility can be accepted for entries not received for whatever reason.</li>\n                    <li>Camp reserves the right to disqualify anyone they may believe has not completed selected tasks.</li>\n                    <li>The camp reserves the right to cancel or amend the competition and these terms and conditions without notice.</li>\n                    <li>The camp is not responsible for inaccurate prize details supplied to any entrant by any third party connected with this competition.</li>\n                    <li>No cash alternative to the prizes will be offered. The prizes are not transferable. Prizes are subject to availability and we reserve the right to substitute any prize with another of equivalent value without giving notice.</li>\n                    <li>Winners will be notified by email within 28 days of the closing date with instructions on how to claim the prize. If the winner cannot be contacted or do not claim the prize within 14 days of notification, we reserve the right to withdraw the prize from the winner and pick a replacement winner or cancel the prize.</li>\n                    <li>Cheating for entries in any way (referring yourself using different emails or similar tactics) will disqualify you.</li>\n                    <li>The promoter&rsquo;s decision in respect of all matters to do with the competition will be final and no correspondence will be entered into.</li>\n                    <li>By entering this competition, an entrant is indicating his/her agreement to be bound by these terms and conditions.</li>\n                    <li>These terms and conditions will be governed by the country the camp is located in and any disputes will be subject to the exclusive jurisdiction of that country.</li>\n                    <li>&nbsp;Entry will be deemed as acceptance of these terms and conditions.</li>\n                    <li>This promotion is in no way sponsored, endorsed or administered by, or associated with, Facebook, Twitter or any other social network. You are providing your information to the camp and not to any other party. The information provided will be used in conjunction with standard Privacy Policies.</li>\n                </ul>\n                ',NULL,NULL),(57,70,1,'Bring Friends - Recieve Rewards','Because camp is better with friends','Top Ambassadors',10,100,1,10,10,30,1,0,NULL,NULL,NULL),(58,71,1,'Bring Friends - Recieve Rewards','Because camp is better with friends','Top Ambassadors',10,100,1,10,10,30,1,0,NULL,NULL,NULL),(60,77,1,'Bring Friends - Recieve Rewards Now','Because camp is better with friends','Top Ambassadors',10,100,1,20,20,40,1,0,'<p><strong>Ambassador (You)</strong></p>\r\n\r\n<p>&nbsp;</p>\r\n\r\n<ul>\r\n	<li>Rewards for referrals will only be applied when your friend have confirmed/paid registrations with our Camp.</li>\r\n	<li>The new referral must confirm (while registering) who referred them.</li>\r\n</ul>\r\n\r\n<p>&nbsp;</p>\r\n\r\n<p><strong>Referred families (your friend)</strong></p>\r\n\r\n<p>&nbsp;</p>\r\n\r\n<ul>\r\n	<li>The referral must be somebody whose family has never attended camp before</li>\r\n	<li>If a Discount offered then it can be applied to any program.</li>\r\n	<li>Reward is void if referred friend cancels registration.</li>\r\n	<li>Cannot be redeemed for cash or credit.</li>\r\n</ul>\r\n\r\n<p>&nbsp;</p>\r\n\r\n<p><strong>The Camp</strong></p>\r\n\r\n<p>&nbsp;</p>\r\n\r\n<ul>\r\n	<li>Reserves the right to add or remove rewards at their discretion.</li>\r\n	<li>Can change the reward offered without notice.</li>\r\n	<li>Can end the program without prior warning.</li>\r\n</ul>\r\n\r\n<p>&nbsp;</p>\r\n\r\n<p><strong>In detail&hellip;</strong></p>\r\n\r\n<p>&nbsp;</p>\r\n\r\n<ul>\r\n	<li>Employees of the camp or their family members or anyone else connected in any way with the competition or helping to set up the competition shall not be permitted to enter.</li>\r\n	<li>There is no entry fee and no purchase necessary to enter.</li>\r\n	<li>The camp reserves the right to change the beginning or end date.</li>\r\n	<li>No responsibility can be accepted for entries not received for whatever reason.</li>\r\n	<li>Camp reserves the right to disqualify anyone they may believe has not completed selected tasks.</li>\r\n	<li>The camp reserves the right to cancel or amend the competition and these terms and conditions without notice.</li>\r\n	<li>The camp is not responsible for inaccurate prize details supplied to any entrant by any third party connected with this competition.</li>\r\n	<li>No cash alternative to the prizes will be offered. The prizes are not transferable. Prizes are subject to availability and we reserve the right to substitute any prize with another of equivalent value without giving notice.</li>\r\n	<li>Winners will be notified by email within 28 days of the closing date with instructions on how to claim the prize. If the winner cannot be contacted or do not claim the prize within 14 days of notification, we reserve the right to withdraw the prize from the winner and pick a replacement winner or cancel the prize.</li>\r\n	<li>Cheating for entries in any way (referring yourself using different emails or similar tactics) will disqualify you.</li>\r\n	<li>The promoter&rsquo;s decision in respect of all matters to do with the competition will be final and no correspondence will be entered into.</li>\r\n	<li>By entering this competition, an entrant is indicating his/her agreement to be bound by these terms and conditions.</li>\r\n	<li>These terms and conditions will be governed by the country the camp is located in and any disputes will be subject to the exclusive jurisdiction of that country.</li>\r\n	<li>&nbsp;Entry will be deemed as acceptance of these terms and conditions.</li>\r\n	<li>This promotion is in no way sponsored, endorsed or administered by, or associated with, Facebook, Twitter or any other social network. You are providing your information to the camp and not to any other party. The information provided will be used in conjunction with standard Privacy Policies.</li>\r\n</ul>\r\n','My Custom Subject','Hi %customer_name. This is my camp. Please Join my camp.\r\n%referral_link'),(61,78,1,'Bring Friends - Recieve Rewards','Because camp is better with friends','Top Ambassadors',10,100,1,10,10,30,1,0,NULL,NULL,NULL),(62,79,1,'Bring Friends - Recieve Rewards','Because camp is better with friends','Top Ambassadors',10,100,1,10,10,30,1,0,NULL,NULL,NULL),(63,80,1,'Bring Friends - Recieve Rewards Now','Because camp is better with friends','Top Ambassadors',10,100,1,20,20,40,1,0,'<p><strong>Ambassador (You)</strong></p>\r\n\r\n<p>&nbsp;</p>\r\n\r\n<ul>\r\n	<li>Rewards for referrals will only be applied when your friend have confirmed/paid registrations with our Camp.</li>\r\n	<li>The new referral must confirm (while registering) who referred them.</li>\r\n</ul>\r\n\r\n<p>&nbsp;</p>\r\n\r\n<p><strong>Referred families (your friend)</strong></p>\r\n\r\n<p>&nbsp;</p>\r\n\r\n<ul>\r\n	<li>The referral must be somebody whose family has never attended camp before</li>\r\n	<li>If a Discount offered then it can be applied to any program.</li>\r\n	<li>Reward is void if referred friend cancels registration.</li>\r\n	<li>Cannot be redeemed for cash or credit.</li>\r\n</ul>\r\n\r\n<p>&nbsp;</p>\r\n\r\n<p><strong>The Camp</strong></p>\r\n\r\n<p>&nbsp;</p>\r\n\r\n<ul>\r\n	<li>Reserves the right to add or remove rewards at their discretion.</li>\r\n	<li>Can change the reward offered without notice.</li>\r\n	<li>Can end the program without prior warning.</li>\r\n</ul>\r\n\r\n<p>&nbsp;</p>\r\n\r\n<p><strong>In detail&hellip;</strong></p>\r\n\r\n<p>&nbsp;</p>\r\n\r\n<ul>\r\n	<li>Employees of the camp or their family members or anyone else connected in any way with the competition or helping to set up the competition shall not be permitted to enter.</li>\r\n	<li>There is no entry fee and no purchase necessary to enter.</li>\r\n	<li>The camp reserves the right to change the beginning or end date.</li>\r\n	<li>No responsibility can be accepted for entries not received for whatever reason.</li>\r\n	<li>Camp reserves the right to disqualify anyone they may believe has not completed selected tasks.</li>\r\n	<li>The camp reserves the right to cancel or amend the competition and these terms and conditions without notice.</li>\r\n	<li>The camp is not responsible for inaccurate prize details supplied to any entrant by any third party connected with this competition.</li>\r\n	<li>No cash alternative to the prizes will be offered. The prizes are not transferable. Prizes are subject to availability and we reserve the right to substitute any prize with another of equivalent value without giving notice.</li>\r\n	<li>Winners will be notified by email within 28 days of the closing date with instructions on how to claim the prize. If the winner cannot be contacted or do not claim the prize within 14 days of notification, we reserve the right to withdraw the prize from the winner and pick a replacement winner or cancel the prize.</li>\r\n	<li>Cheating for entries in any way (referring yourself using different emails or similar tactics) will disqualify you.</li>\r\n	<li>The promoter&rsquo;s decision in respect of all matters to do with the competition will be final and no correspondence will be entered into.</li>\r\n	<li>By entering this competition, an entrant is indicating his/her agreement to be bound by these terms and conditions.</li>\r\n	<li>These terms and conditions will be governed by the country the camp is located in and any disputes will be subject to the exclusive jurisdiction of that country.</li>\r\n	<li>&nbsp;Entry will be deemed as acceptance of these terms and conditions.</li>\r\n	<li>This promotion is in no way sponsored, endorsed or administered by, or associated with, Facebook, Twitter or any other social network. You are providing your information to the camp and not to any other party. The information provided will be used in conjunction with standard Privacy Policies.</li>\r\n</ul>\r\n','My Custom Subject','Hi %customer_name. This is my camp. Please Join my camp.\r\n%referral_link');
/*!40000 ALTER TABLE `share_page_setting` ENABLE KEYS */;
UNLOCK TABLES;

--
-- Table structure for table `social_account_actions`
--

DROP TABLE IF EXISTS `social_account_actions`;
/*!40101 SET @saved_cs_client     = @@character_set_client */;
/*!40101 SET character_set_client = utf8 */;
CREATE TABLE `social_account_actions` (
  `saa_id` int(11) NOT NULL AUTO_INCREMENT,
  `sat_id` int(11) DEFAULT NULL,
  `name` varchar(255) DEFAULT NULL,
  `social_link_text` varchar(255) DEFAULT NULL,
  `social_link_help` text,
  PRIMARY KEY (`saa_id`)
) ENGINE=InnoDB AUTO_INCREMENT=10 DEFAULT CHARSET=latin1;
/*!40101 SET character_set_client = @saved_cs_client */;

--
-- Dumping data for table `social_account_actions`
--

LOCK TABLES `social_account_actions` WRITE;
/*!40000 ALTER TABLE `social_account_actions` DISABLE KEYS */;
INSERT INTO `social_account_actions` VALUES (1,1,'Share on Facebook','Enter Facebook page URL.',NULL),(2,1,'Join our Facebook group','Enter Facebook group URL.',NULL),(3,1,'Comment & Like my FB post','Enter Facebook post Link.',NULL),(4,2,'Follow us on Instagram','Enter Instagram page URL.',NULL),(5,2,'Like photo on Instagram','Enter Instagram post Link.',NULL),(6,2,'Post a photo on Instagram','Enter Instagram post Link.',NULL),(7,3,'Follow us on Twitter','Enter Twitter Account Name.',NULL),(8,3,'Tweet this out','Enter twitter post Link.',NULL),(9,3,'Retweet this tweet','Enter twitter post Link.',NULL);
/*!40000 ALTER TABLE `social_account_actions` ENABLE KEYS */;
UNLOCK TABLES;

--
-- Table structure for table `social_account_type`
--

DROP TABLE IF EXISTS `social_account_type`;
/*!40101 SET @saved_cs_client     = @@character_set_client */;
/*!40101 SET character_set_client = utf8 */;
CREATE TABLE `social_account_type` (
  `id` int(11) NOT NULL AUTO_INCREMENT,
  `account_name` enum('facebook','twitter','instagram') DEFAULT NULL,
  PRIMARY KEY (`id`)
) ENGINE=InnoDB AUTO_INCREMENT=4 DEFAULT CHARSET=latin1;
/*!40101 SET character_set_client = @saved_cs_client */;

--
-- Dumping data for table `social_account_type`
--

LOCK TABLES `social_account_type` WRITE;
/*!40000 ALTER TABLE `social_account_type` DISABLE KEYS */;
INSERT INTO `social_account_type` VALUES (1,'facebook'),(2,'instagram'),(3,'twitter');
/*!40000 ALTER TABLE `social_account_type` ENABLE KEYS */;
UNLOCK TABLES;

--
-- Table structure for table `tasks`
--

DROP TABLE IF EXISTS `tasks`;
/*!40101 SET @saved_cs_client     = @@character_set_client */;
/*!40101 SET character_set_client = utf8 */;
CREATE TABLE `tasks` (
  `id` int(10) unsigned NOT NULL AUTO_INCREMENT,
  `campaign_id` int(11) DEFAULT NULL,
  `camp_id` int(11) DEFAULT NULL,
  `title` varchar(300) DEFAULT NULL,
  `description` varchar(500) DEFAULT NULL,
  `link` varchar(500) DEFAULT NULL,
  `image` varchar(400) DEFAULT NULL,
  `points` int(11) DEFAULT NULL,
  `verify_auto` tinyint(1) NOT NULL DEFAULT '0',
  `saa_id` int(11) DEFAULT NULL,
  `verification_question` text,
  PRIMARY KEY (`id`)
) ENGINE=InnoDB AUTO_INCREMENT=51 DEFAULT CHARSET=latin1;
/*!40101 SET character_set_client = @saved_cs_client */;

--
-- Dumping data for table `tasks`
--

LOCK TABLES `tasks` WRITE;
/*!40000 ALTER TABLE `tasks` DISABLE KEYS */;
INSERT INTO `tasks` VALUES (6,2,6,'Follow us on Facebook','Test','https://facebook.com',NULL,100,0,NULL,NULL),(12,30,10,'Buy Item From Store','Visit our store and buy an item to avail these points','https://regularmag.com','Screenshot_from_2019-12-17_15-17-28.png',150,0,NULL,NULL),(13,30,10,'test','abc test','test.com','apple1.png',120,0,NULL,NULL),(14,30,10,'New Task','Test Description','https://regularmag.com',NULL,180,1,NULL,NULL),(15,30,10,'test','test','test',NULL,11,0,NULL,NULL),(16,30,10,'Highcharts Demo','asdasa','as','s_event1.jpg',1,0,NULL,NULL),(17,18,10,'Task no 1','Test description','',NULL,100,0,NULL,NULL),(18,18,10,'Task no 2','test descrition','',NULL,200,0,NULL,NULL),(19,18,10,'Another One Facebook','Test devpsljdlis','https://google.com',NULL,120,0,NULL,NULL),(20,18,10,'New task 11','Des','https://facebook.com',NULL,190,0,NULL,NULL),(21,18,10,' Visit us on Facebook','asda dasd asa asd a sadadsa','http://csiestimation.com/free-estimation-quote/index.php?fbclid=IwAR2ZjqQEed9FIVoze3gyEUTm06bDQSwrLjTveTMpuFId2nrdbo10CH8xL-c',NULL,303,0,NULL,NULL),(22,18,10,' Visit us on Facebook','Test','https://twitter.com/explore',NULL,100,1,1,'What is your Facebook username? (without @)'),(23,18,10,' Join our Facebook group','sasadad sasd','http://csiestimation.com/free-estimation-quote/index.php?fbclid=IwAR2ZjqQEed9FIVoze3gyEUTm06bDQSwrLjTveTMpuFId2nrdbo10CH8xL-c','fb.png',100,1,2,'What is your Facebook username? (without @)'),(24,18,10,' Visit us on Facebook','sadsad sadasd','https://twitter.com/explore','fb.png',100,1,1,'What is your Facebook username? (without @)'),(25,18,10,' Join our Facebook group','sadsa','http://csiestimation.com/free-estimation-quote/index.php?fbclid=IwAR2ZjqQEed9FIVoze3gyEUTm06bDQSwrLjTveTMpuFId2nrdbo10CH8xL-c','fb.png',1000,1,2,'What is your Facebook username? (without @)'),(26,18,10,' Tweet this out','asdasda sadadsa dsad','https://twitter.com/explore','twitter.png',123,1,8,'What is your Facebook username? (without @)'),(27,77,10,'Task no 1','Test description','',NULL,100,0,NULL,NULL),(28,77,10,'Task no 2','test descrition','',NULL,200,0,NULL,NULL),(29,77,10,'Another One Facebook','Test devpsljdlis','https://google.com',NULL,120,0,NULL,NULL),(30,77,10,'New task 11','Des','https://facebook.com',NULL,190,0,NULL,NULL),(31,77,10,' Visit us on Facebook','asda dasd asa asd a sadadsa','http://csiestimation.com/free-estimation-quote/index.php?fbclid=IwAR2ZjqQEed9FIVoze3gyEUTm06bDQSwrLjTveTMpuFId2nrdbo10CH8xL-c',NULL,303,0,NULL,NULL),(32,77,10,' Visit us on Facebook','Test','https://twitter.com/explore',NULL,100,1,1,'What is your Facebook username? (without @)'),(33,77,10,' Join our Facebook group','sasadad sasd','http://csiestimation.com/free-estimation-quote/index.php?fbclid=IwAR2ZjqQEed9FIVoze3gyEUTm06bDQSwrLjTveTMpuFId2nrdbo10CH8xL-c','fb.png',100,1,2,'What is your Facebook username? (without @)'),(34,77,10,' Visit us on Facebook','sadsad sadasd','https://twitter.com/explore','fb.png',100,1,1,'What is your Facebook username? (without @)'),(35,77,10,' Join our Facebook group','sadsa','http://csiestimation.com/free-estimation-quote/index.php?fbclid=IwAR2ZjqQEed9FIVoze3gyEUTm06bDQSwrLjTveTMpuFId2nrdbo10CH8xL-c','fb.png',1000,1,2,'What is your Facebook username? (without @)'),(36,77,10,' Tweet this out','asdasda sadadsa dsad','https://twitter.com/explore','twitter.png',123,1,8,'What is your Facebook username? (without @)'),(37,18,10,'Ut commodi officia r','Hic mollit deserunt  ','Necessitatibus culpa ','fb.png',10,1,1,'Qui cum elit sapien'),(38,80,10,'Task no 1','Test description','',NULL,100,0,NULL,NULL),(39,80,10,'Task no 2','test descrition','',NULL,200,0,NULL,NULL),(40,80,10,'Another One Facebook','Test devpsljdlis','https://google.com',NULL,120,0,NULL,NULL),(41,80,10,'New task 11','Des','https://facebook.com',NULL,190,0,NULL,NULL),(42,80,10,' Visit us on Facebook','asda dasd asa asd a sadadsa','http://csiestimation.com/free-estimation-quote/index.php?fbclid=IwAR2ZjqQEed9FIVoze3gyEUTm06bDQSwrLjTveTMpuFId2nrdbo10CH8xL-c',NULL,303,0,NULL,NULL),(43,80,10,' Visit us on Facebook','Test','https://twitter.com/explore',NULL,100,1,1,'What is your Facebook username? (without @)'),(44,80,10,' Join our Facebook group','sasadad sasd','http://csiestimation.com/free-estimation-quote/index.php?fbclid=IwAR2ZjqQEed9FIVoze3gyEUTm06bDQSwrLjTveTMpuFId2nrdbo10CH8xL-c','fb.png',100,1,2,'What is your Facebook username? (without @)'),(45,80,10,' Visit us on Facebook','sadsad sadasd','https://twitter.com/explore','fb.png',100,1,1,'What is your Facebook username? (without @)'),(46,80,10,' Join our Facebook group','sadsa','http://csiestimation.com/free-estimation-quote/index.php?fbclid=IwAR2ZjqQEed9FIVoze3gyEUTm06bDQSwrLjTveTMpuFId2nrdbo10CH8xL-c','fb.png',1000,1,2,'What is your Facebook username? (without @)'),(47,80,10,' Tweet this out','asdasda sadadsa dsad','https://twitter.com/explore','twitter.png',123,1,8,'What is your Facebook username? (without @)'),(48,80,10,'Ut commodi officia r','Hic mollit deserunt  ','Necessitatibus culpa ','fb.png',10,1,1,'Qui cum elit sapien'),(49,18,10,'Test MileStone','sadasda','https://twitter.com/explore',NULL,100,0,0,''),(50,18,10,'Test MileStone','test','https://twitter.com/explore','228-2289057_ubuntu-wallpapers-hd.jpg',12,0,0,'');
/*!40000 ALTER TABLE `tasks` ENABLE KEYS */;
UNLOCK TABLES;

--
-- Table structure for table `tasks_performed`
--

DROP TABLE IF EXISTS `tasks_performed`;
/*!40101 SET @saved_cs_client     = @@character_set_client */;
/*!40101 SET character_set_client = utf8 */;
CREATE TABLE `tasks_performed` (
  `id` int(11) NOT NULL AUTO_INCREMENT,
  `campaign_id` int(11) DEFAULT NULL,
  `camp_id` int(11) NOT NULL,
  `customer_id` int(11) NOT NULL,
  `task_id` int(11) NOT NULL,
  `approved` int(11) NOT NULL DEFAULT '0',
  `screenshot` varchar(255) DEFAULT NULL,
  `verification_answer` text,
  PRIMARY KEY (`id`)
) ENGINE=InnoDB AUTO_INCREMENT=34 DEFAULT CHARSET=latin1;
/*!40101 SET character_set_client = @saved_cs_client */;

--
-- Dumping data for table `tasks_performed`
--

LOCK TABLES `tasks_performed` WRITE;
/*!40000 ALTER TABLE `tasks_performed` DISABLE KEYS */;
INSERT INTO `tasks_performed` VALUES (21,18,10,1399,6,2,'Screenshot_from_2020-02-10_23-29-39.png',NULL),(22,18,10,1398,6,1,'Screenshot_from_2020-02-10_18-27-03.png',NULL),(23,18,10,2059,18,2,'Screenshot_from_2020-04-07_17-35-53.png',NULL),(24,18,10,2071,17,1,'Screenshot_from_2020-04-12_00-06-19.png',NULL),(25,18,10,2059,37,1,NULL,'yasir'),(33,18,10,2059,49,0,NULL,NULL);
/*!40000 ALTER TABLE `tasks_performed` ENABLE KEYS */;
UNLOCK TABLES;

--
-- Table structure for table `week_point`
--

DROP TABLE IF EXISTS `week_point`;
/*!40101 SET @saved_cs_client     = @@character_set_client */;
/*!40101 SET character_set_client = utf8 */;
CREATE TABLE `week_point` (
  `id` int(11) NOT NULL AUTO_INCREMENT,
  `camp_id` int(11) NOT NULL,
  `link_views` int(100) NOT NULL,
  `referrals` int(100) NOT NULL,
  `date` date NOT NULL,
  PRIMARY KEY (`id`)
) ENGINE=InnoDB AUTO_INCREMENT=37 DEFAULT CHARSET=latin1;
/*!40101 SET character_set_client = @saved_cs_client */;

--
-- Dumping data for table `week_point`
--

LOCK TABLES `week_point` WRITE;
/*!40000 ALTER TABLE `week_point` DISABLE KEYS */;
INSERT INTO `week_point` VALUES (10,6,1,0,'2019-10-02'),(11,6,0,2,'2019-09-29'),(12,6,2,1,'2019-10-09'),(13,6,0,1,'2019-10-26'),(14,6,0,2,'2019-10-28'),(15,6,1,0,'2019-11-12'),(16,6,0,1,'2019-11-19'),(17,6,1,0,'2019-12-31'),(18,10,1,0,'2020-02-29'),(19,10,0,10,'2020-03-01'),(20,10,0,3,'2020-03-19'),(21,10,0,8,'2020-03-20'),(22,10,0,1,'2020-03-22'),(23,10,0,9,'2020-03-24'),(24,10,1,1,'2020-04-12'),(25,10,3,2,'2020-04-13'),(26,10,1,6,'2020-04-15'),(27,10,0,18,'2020-04-21'),(28,10,1,0,'2020-04-25'),(29,6,0,5,'2020-05-13'),(30,6,1,2,'2020-05-18'),(31,10,0,2,'2020-05-19'),(32,10,3,5,'2020-06-10'),(33,10,0,25,'2020-06-11'),(34,10,0,12,'2020-06-12'),(35,10,1,0,'2020-07-21'),(36,10,0,1,'2020-09-17');
/*!40000 ALTER TABLE `week_point` ENABLE KEYS */;
UNLOCK TABLES;

--
-- Table structure for table `winner`
--

DROP TABLE IF EXISTS `winner`;
/*!40101 SET @saved_cs_client     = @@character_set_client */;
/*!40101 SET character_set_client = utf8 */;
CREATE TABLE `winner` (
  `winner_id` int(11) NOT NULL AUTO_INCREMENT,
  `offer_id` int(11) NOT NULL,
  `customer_id` int(11) NOT NULL,
  `code` text NOT NULL,
  `claim` int(11) NOT NULL,
  `approve` int(11) NOT NULL DEFAULT '0',
  `date` date NOT NULL,
  PRIMARY KEY (`winner_id`)
) ENGINE=InnoDB AUTO_INCREMENT=194 DEFAULT CHARSET=latin1;
/*!40101 SET character_set_client = @saved_cs_client */;

--
-- Dumping data for table `winner`
--

LOCK TABLES `winner` WRITE;
/*!40000 ALTER TABLE `winner` DISABLE KEYS */;
INSERT INTO `winner` VALUES (1,42,1362,'14489',1,1,'2019-05-08'),(2,42,1362,'25955',1,1,'2019-05-08'),(3,42,1362,'32624',1,1,'2019-05-08'),(4,42,1362,'43250',1,1,'2019-05-08'),(5,42,1362,'57079',1,1,'2019-05-08'),(6,42,1362,'62655',0,1,'2019-05-08'),(13,44,1379,'13924',0,0,'2020-01-03'),(14,42,1371,'14956',0,1,'2020-01-17'),(15,42,1371,'15667',1,1,'2020-01-17'),(22,54,2059,'22171',0,1,'2020-02-21'),(23,54,1398,'23563',1,1,'2020-02-21'),(24,54,1398,'24149',0,1,'2020-02-21'),(25,54,1398,'25112',0,1,'2020-02-21'),(26,54,1398,'26190',0,1,'2020-02-21'),(27,54,1398,'27518',0,1,'2020-02-21'),(28,54,1398,'28829',0,1,'2020-02-21'),(29,75,2059,'29898',0,0,'2020-02-29'),(30,54,1398,'30249',0,1,'2020-03-01'),(31,54,1398,'31161',0,1,'2020-03-01'),(32,54,1398,'32849',0,1,'2020-03-01'),(33,54,1398,'33708',0,1,'2020-03-01'),(42,72,2059,'42159',0,1,'2020-04-13'),(43,80,2059,'43260',0,1,'2020-04-13'),(44,82,2059,'44817',0,1,'2020-04-13'),(45,54,2059,'45211',0,1,'2020-04-13'),(46,72,2071,'46280',0,1,'2020-04-14'),(47,80,2071,'47939',0,1,'2020-04-14'),(48,54,2056,'48926',0,1,'2020-04-14'),(49,54,2056,'49123',1,1,'2020-04-14'),(50,54,2056,'50655',1,1,'2020-04-14'),(51,72,2073,'51790',1,1,'2020-04-15'),(52,80,2073,'52685',1,1,'2020-04-15'),(53,54,2059,'53625',1,1,'2020-04-17'),(54,51,2059,'54969',1,1,'2020-04-21'),(55,68,2059,'55669',1,1,'2020-04-21'),(56,54,2059,'56196',0,1,'2020-04-23'),(57,72,1398,'57556',0,1,'2020-04-25'),(58,80,1398,'58559',0,1,'2020-04-25'),(59,82,1398,'59777',0,1,'2020-04-25'),(60,71,2098,'60870',0,1,'2020-05-13'),(61,71,2106,'61260',0,1,'2020-05-13'),(62,71,2107,'62608',0,1,'2020-05-13'),(63,71,2108,'63462',0,1,'2020-05-13'),(64,71,2109,'64309',0,1,'2020-05-13'),(65,71,2086,'65816',0,1,'2020-05-18'),(66,88,2059,'66253',0,1,'2020-05-19'),(67,88,2059,'67754',0,1,'2020-05-19'),(68,88,2059,'68403',0,1,'2020-05-19'),(69,88,2059,'69714',0,1,'2020-05-19'),(70,88,2059,'70938',0,1,'2020-05-19'),(71,54,2059,'71870',0,1,'2020-05-28'),(72,54,2059,'72259',0,1,'2020-05-28'),(73,54,2059,'73921',0,1,'2020-05-28'),(74,54,2059,'74570',0,1,'2020-05-28'),(75,54,2059,'75189',0,1,'2020-05-28'),(76,54,2059,'76990',0,1,'2020-05-28'),(77,54,2059,'77951',0,1,'2020-05-28'),(78,54,2059,'78228',0,1,'2020-05-28'),(79,54,2059,'79583',0,1,'2020-05-28'),(80,54,2059,'80292',0,1,'2020-05-28'),(81,54,2059,'81394',0,1,'2020-05-28'),(82,54,2059,'82606',0,1,'2020-05-28'),(83,54,2059,'83826',0,1,'2020-05-28'),(84,54,2059,'84536',0,1,'2020-05-28'),(85,54,2048,'85297',0,1,'2020-05-28'),(86,54,2048,'86604',0,1,'2020-05-28'),(87,54,2048,'87580',0,1,'2020-05-28'),(88,54,2047,'88985',0,1,'2020-05-28'),(89,54,2054,'89924',0,1,'2020-05-28'),(90,54,2048,'90257',0,1,'2020-05-28'),(91,54,2048,'91411',0,1,'2020-05-28'),(92,54,2048,'92636',0,1,'2020-05-28'),(93,54,2047,'93517',0,1,'2020-05-28'),(94,72,2126,'94293',0,1,'2020-06-10'),(95,80,2126,'95771',0,1,'2020-06-10'),(96,82,2126,'96337',0,1,'2020-06-10'),(97,54,2126,'97184',0,1,'2020-06-10'),(98,54,2126,'98321',0,1,'2020-06-10'),(99,72,2127,'99958',0,1,'2020-06-10'),(100,80,2127,'10050',0,1,'2020-06-10'),(101,82,2127,'10142',0,1,'2020-06-10'),(102,54,2127,'10254',0,1,'2020-06-10'),(161,72,2128,'16130',0,1,'2020-06-11'),(162,80,2128,'16284',0,1,'2020-06-11'),(163,82,2128,'16343',0,1,'2020-06-12'),(164,54,2128,'16451',0,1,'2020-06-12'),(165,54,2128,'16591',0,1,'2020-06-12'),(166,54,2128,'16659',0,1,'2020-06-12'),(167,54,2128,'16746',0,1,'2020-06-12'),(168,51,2128,'16893',0,1,'2020-06-12'),(169,68,2128,'16933',0,1,'2020-06-12'),(170,54,2128,'17057',0,1,'2020-06-12'),(171,54,2128,'17140',0,1,'2020-06-12'),(172,54,2128,'17229',0,1,'2020-06-12'),(173,54,2128,'17386',0,1,'2020-06-12'),(174,54,2128,'17434',0,1,'2020-06-12'),(175,54,2128,'17548',0,1,'2020-06-12'),(176,54,2128,'17692',0,1,'2020-06-12'),(177,54,2128,'17724',0,1,'2020-06-12'),(178,54,2128,'17871',0,1,'2020-06-12'),(179,54,2128,'17912',0,1,'2020-06-12'),(180,54,2128,'18050',0,1,'2020-06-12'),(181,54,2128,'18179',0,1,'2020-06-12'),(182,54,2128,'18215',0,1,'2020-06-12'),(183,84,2128,'18376',0,1,'2020-06-12'),(184,84,2128,'18472',0,1,'2020-06-12'),(185,54,2128,'18589',0,1,'2020-06-12'),(186,54,2128,'18618',0,1,'2020-06-12'),(187,100,2059,'18783',0,1,'2020-08-28'),(188,110,2059,'18897',0,1,'2020-08-28'),(189,102,2059,'18985',0,1,'2020-08-28'),(190,112,2059,'19098',0,1,'2020-08-28'),(191,95,2059,'19125',0,1,'2020-08-28'),(192,105,2059,'19249',0,1,'2020-08-28'),(193,84,2059,'19393',0,1,'2020-09-17');
/*!40000 ALTER TABLE `winner` ENABLE KEYS */;
UNLOCK TABLES;
/*!40103 SET TIME_ZONE=@OLD_TIME_ZONE */;

/*!40101 SET SQL_MODE=@OLD_SQL_MODE */;
/*!40014 SET FOREIGN_KEY_CHECKS=@OLD_FOREIGN_KEY_CHECKS */;
/*!40014 SET UNIQUE_CHECKS=@OLD_UNIQUE_CHECKS */;
/*!40101 SET CHARACTER_SET_CLIENT=@OLD_CHARACTER_SET_CLIENT */;
/*!40101 SET CHARACTER_SET_RESULTS=@OLD_CHARACTER_SET_RESULTS */;
/*!40101 SET COLLATION_CONNECTION=@OLD_COLLATION_CONNECTION */;
/*!40111 SET SQL_NOTES=@OLD_SQL_NOTES */;

-- Dump completed on 2020-11-23 21:07:18
